,Time,Position,P,I,D,kp,ki,kd,Setpoint,Pixel Lenght
0,0.0,11,778,0.0,0.0,2.0,0.07,1.0,400.0,595.0
1,0.4569845199584961,11,778,12.44368847846985,0.0,,,,,
2,0.4766197204589844,11,778,12.978354988098147,0.0,,,,,
3,0.5323498249053955,11,778,14.495885732173923,0.0,,,,,
4,0.565500020980835,11,778,15.39856557130814,0.0,,,,,
5,0.6069915294647217,11,778,16.528379347324375,0.0,,,,,
6,0.6385807991027832,11,778,17.38855515956879,0.0,,,,,
7,0.6935749053955078,11,778,18.88604467391968,0.0,,,,,
8,0.7175295352935791,11,778,19.538329246044164,0.0,,,,,
9,0.7495870590209961,11,778,20.411255617141727,0.0,,,,,
10,0.8045220375061035,11,778,21.9071350812912,0.0,,,,,
11,0.8365936279296875,11,778,22.780444488525394,0.0,,,,,
12,0.8615894317626953,11,778,23.461080226898197,0.0,,,,,
13,0.8935761451721191,11,778,24.33207843303681,0.0,,,,,
14,0.9250020980834961,11,778,25.187807130813603,0.0,,,,,
15,0.9655447006225586,11,778,26.291782197952276,0.0,,,,,
16,0.9895973205566406,11,778,26.946735038757332,0.0,,,,,
17,1.0210716724395752,11,778,27.80378164052964,0.0,,,,,
18,1.053088903427124,11,778,28.675610840320594,0.0,,,,,
19,1.0850822925567627,11,778,29.546790826320656,0.0,,,,,
20,1.11757493019104,11,778,30.43156534910203,0.0,,,,,
21,1.1737184524536133,11,778,31.9603534603119,0.0,,,,,
22,1.1975877285003662,11,778,32.61031384706498,0.0,,,,,
23,1.237379789352417,11,778,33.69385166406632,0.0,,,,,
24,1.2630047798156738,11,778,34.3916201543808,0.0,,,,,
25,1.2950191497802734,11,778,35.26337144851685,0.0,,,,,
26,1.3270838260650635,11,778,36.13649258375168,0.0,,,,,
27,1.3586163520812988,11,778,36.995123267173774,0.0,,,,,
28,1.3910481929779053,11,778,37.878242294788365,0.0,,,,,
29,1.423055648803711,11,778,38.749805316925055,0.0,,,,,
30,1.4551732540130615,11,778,39.62436770677567,0.0,,,,,
31,1.4873261451721191,11,778,40.49989093303681,0.0,,,,,
32,1.5250928401947021,11,778,41.528278038501746,0.0,,,,,
33,1.5656614303588867,11,778,42.632960748672495,0.0,,,,,
34,1.5976531505584717,11,778,43.504095289707195,0.0,,,,,
35,1.6298048496246338,11,778,44.379586055278786,0.0,,,,,
36,1.6617963314056396,11,778,45.25071410417558,0.0,,,,,
37,1.693180799484253,11,778,46.10531316995622,0.0,,,,,
38,1.7258296012878418,11,778,46.99434004306794,0.0,,,,,
39,1.7576806545257568,11,778,47.861644222736366,0.0,,,,,
40,1.7897000312805176,11,778,48.733531851768504,0.0,,,,,
41,1.8223886489868164,11,778,49.62364291191102,0.0,,,,,
42,1.8542048931121826,11,778,50.48999923944474,0.0,,,,,
43,1.8862581253051758,11,778,51.36280875205995,0.0,,,,,
44,1.9302196502685547,11,778,52.55988107681276,0.0,,,,,
45,1.9626364707946777,11,778,53.44259109973909,0.0,,,,,
46,1.9946537017822266,11,778,54.31442029953004,0.0,,,,,
47,2.0262327194213867,11,778,55.174316949844375,0.0,,,,,
48,2.058587074279785,11,778,56.05532603263856,0.0,,,,,
49,2.090256929397583,11,778,56.9176961874962,0.0,,,,,
50,2.1226449012756348,11,778,57.799620661735545,0.0,,,,,
51,2.15767502784729,11,778,58.75349100828172,0.0,,,,,
52,2.1899664402008057,11,778,59.63278616666795,0.0,,,,,
53,2.2225964069366455,11,778,60.52130016088487,0.0,,,,,
54,2.255251169204712,11,778,61.41048933744432,0.0,,,,,
55,2.297684907913208,11,778,62.56596004247667,0.0,,,,,
56,2.330219030380249,11,778,63.451864197254196,0.0,,,,,
57,2.3612868785858154,11,778,64.29784170389176,0.0,,,,,
58,2.394254207611084,11,778,65.19554207324983,0.0,,,,,
59,2.429978609085083,11,778,66.16831752538683,0.0,,,,,
60,2.465282440185547,11,778,67.12964084625246,0.0,,,,,
61,2.490225076675415,11,778,67.80882883787157,0.0,,,,,
62,2.5256855487823486,11,778,68.77441749334338,0.0,,,,,
63,2.5581676959991455,11,778,69.65890636205675,0.0,,,,,
64,2.5903289318084717,11,778,70.53465681314471,0.0,,,,,
65,2.622347354888916,11,778,71.40651847362521,0.0,,,,,
66,2.6542880535125732,11,778,72.2762636971474,0.0,,,,,
67,2.7022857666015625,11,778,73.58324142456058,0.0,,,,,
68,2.7333528995513916,11,778,74.42919945478442,0.0,,,,,
69,2.7652885913848877,11,778,75.29880834341053,0.0,,,,,
70,2.797860860824585,11,778,76.18575124025348,0.0,,,,,
71,2.8293657302856445,11,778,77.04362883567813,0.0,,,,,
72,2.8620402812957764,11,778,77.93335685968403,0.0,,,,,
73,2.894634962081909,11,778,78.82091001749042,0.0,,,,,
74,2.926584243774414,11,778,79.69088895797732,0.0,,,,,
75,2.957873582839966,11,778,80.5428976607323,0.0,,,,,
76,2.9898927211761475,11,778,81.41477879762652,0.0,,,,,
77,3.0223827362060547,11,778,82.2994819068909,0.0,,,,,
78,3.0702693462371826,11,778,83.60343429803852,0.0,,,,,
79,3.102041482925415,11,778,84.46858958005909,0.0,,,,,
80,3.1344032287597656,11,778,85.34979991912846,0.0,,,,,
81,3.1638987064361572,11,778,86.1529617762566,0.0,,,,,
82,3.1928865909576416,11,778,86.94230187177662,0.0,,,,,
83,3.2244110107421875,11,778,87.80071182250981,0.0,,,,,
84,3.257267713546753,11,778,88.69539983987812,0.0,,,,,
85,3.288454055786133,11,778,89.54460393905643,0.0,,,,,
86,3.3344335556030273,11,778,90.79662571907046,0.0,,,,,
87,3.3659543991088867,11,778,91.654938287735,0.0,,,,,
88,3.3984620571136475,11,778,92.54012181520464,0.0,,,,,
89,3.4304680824279785,11,778,93.41164588451387,0.0,,,,,
90,3.478459358215332,11,778,94.71844832420351,0.0,,,,,
91,3.5104784965515137,11,778,95.59032946109774,0.0,,,,,
92,3.5430991649627686,11,778,96.4785902619362,0.0,,,,,
93,3.5662178993225098,11,778,97.10811339855196,0.0,,,,,
94,3.5980448722839355,11,778,97.9747618722916,0.0,,,,,
95,3.629500150680542,11,778,98.83128910303118,0.0,,,,,
96,3.669501781463623,11,778,99.92053350925448,0.0,,,,,
97,3.702143907546997,11,778,100.80937860250475,0.0,,,,,
98,3.7342498302459717,11,778,101.68362287759783,0.0,,,,,
99,3.766301155090332,11,778,102.55638045310975,0.0,,,,,
100,3.7984766960144043,11,778,103.43252043247224,0.0,,,,,
101,3.846036195755005,11,778,104.7275656104088,0.0,,,,,
102,3.8775362968444824,11,778,105.58531336307527,0.0,,,,,
103,3.902249574661255,11,778,106.25825591802598,0.0,,,,,
104,3.942030191421509,11,778,107.34148211240769,0.0,,,,,
105,3.972031831741333,11,778,108.1584267783165,0.0,,,,,
106,3.999042272567749,11,778,108.8939210820198,0.0,,,,,
107,4.031476259231567,11,778,109.77709853887558,0.0,,,,,
108,4.0635764598846436,11,778,110.65118700265884,0.0,,,,,
109,4.1020567417144775,11,778,111.69900507688523,0.0,,,,,
110,4.127332448959351,11,778,112.38726258516313,0.0,,,,,
111,4.1581642627716064,11,778,113.22681287527085,0.0,,,,,
112,4.189548969268799,11,778,114.0814184331894,0.0,,,,,
113,4.238082647323608,11,778,115.40299048662186,0.0,,,,,
114,4.277602672576904,11,778,116.4791207742691,0.0,,,,,
115,4.305592060089111,11,778,117.2412717962265,0.0,,,,,
116,4.33553409576416,11,778,118.05659342765807,0.0,,,,,
117,4.3666160106658936,11,778,118.90295397043228,0.0,,,,,
118,4.399121284484863,11,778,119.78807257652282,0.0,,,,,
119,4.4266197681427,11,778,120.53685628652572,0.0,,,,,
120,4.470500469207764,11,778,121.73172777652739,0.0,,,,,
121,4.501638650894165,11,778,122.5796204638481,0.0,,,,,
122,4.5344321727752686,11,778,123.47258806467055,0.0,,,,,
123,4.566136598587036,11,778,124.33589957952498,0.0,,,,,
124,4.612641334533691,11,778,125.6022235393524,0.0,,,,,
125,4.6385369300842285,11,778,126.30736060619353,0.0,,,,,
126,4.670450210571289,11,778,127.17635923385619,0.0,,,,,
127,4.698794603347778,11,778,127.94817704916,0.0,,,,,
128,4.729781627655029,11,778,128.79195372104644,0.0,,,,,
129,4.761768579483032,11,778,129.66295841932296,0.0,,,,,
130,4.7931602001190186,11,778,130.51775224924086,0.0,,,,,
131,4.824682235717773,11,778,131.37609727859495,0.0,,,,,
132,4.8573737144470215,11,778,132.26628624439238,0.0,,,,,
133,4.888713598251343,11,778,133.11967128038404,0.0,,,,,
134,4.927657842636108,11,778,134.1801230549812,0.0,,,,,
135,4.975957870483398,11,778,135.4953328132629,0.0,,,,,
136,5.007636308670044,11,778,136.35793668508526,0.0,,,,,
137,5.039177179336548,11,778,137.21679459333416,0.0,,,,,
138,5.078158378601074,11,778,138.2782526493072,0.0,,,,,
139,5.101751327514648,11,778,138.92068864822383,0.0,,,,,
140,5.134775400161743,11,778,139.81993414640422,0.0,,,,,
141,5.171705007553101,11,778,140.82552735567089,0.0,,,,,
142,5.198850393295288,11,778,141.56469620943065,0.0,,,,,
143,5.2275309562683105,11,778,142.34566793918606,0.0,,,,,
144,5.260515451431274,11,778,143.24383574247355,0.0,,,,,
145,5.302949666976929,11,778,144.39931943178172,0.0,,,,,
146,5.334797143936157,11,778,145.26652622938153,0.0,,,,,
147,5.382838249206543,12,776,146.5713226485252,-20.815507769269328,,,,,
148,5.414786338806152,12,776,147.4390327620506,0.0,,,,,
149,5.443772792816162,12,776,148.22630485296247,0.0,,,,,
150,5.470297813415527,13,774,148.94486766099928,-37.700253474032394,,,,,
151,5.505367755889893,13,774,149.89491240262984,0.0,,,,,
152,5.542215824127197,13,774,150.8931265711784,0.0,,,,,
153,5.574163198471069,13,774,151.7585809421539,0.0,,,,,
154,5.599318981170654,13,774,152.44005109548567,0.0,,,,,
155,5.631824493408203,13,774,153.32062542200086,0.0,,,,,
156,5.663974285125732,13,774,154.19156327962872,0.0,,,,,
157,5.695780992507935,13,774,155.05320698261258,0.0,,,,,
158,5.743842363357544,13,774,156.35518951892848,0.0,,,,,
159,5.777987241744995,13,774,157.28017427444453,0.0,,,,,
160,5.80705714225769,13,774,158.06767787933344,0.0,,,,,
161,5.839400291442871,13,774,158.94385379076,0.0,,,,,
162,5.871793746948242,13,774,159.8213925004005,0.0,,,,,
163,5.903779745101929,13,774,160.68789319038385,0.0,,,,,
164,5.931857109069824,13,774,161.44850898027414,0.0,,,,,
165,5.9638895988464355,13,774,162.31626912832255,0.0,,,,,
166,5.993506669998169,13,774,163.11859558582302,0.0,,,,,
167,6.025520086288452,13,774,163.98583903312678,0.0,,,,,
168,6.06257700920105,13,774,164.98971107482905,0.0,,,,,
169,6.100858688354492,13,774,166.0267617630958,0.0,,,,,
170,6.144137144088745,13,774,167.19917512893673,0.0,,,,,
171,6.175854444503784,13,774,168.05839679718014,0.0,,,,,
172,6.202321290969849,13,774,168.77538366794582,0.0,,,,,
173,6.234462738037109,13,774,169.6460954689979,0.0,,,,,
174,6.26640248298645,13,774,170.51134315967556,0.0,,,,,
175,6.2979416847229,13,774,171.365740134716,0.0,,,,,
176,6.330505132675171,13,774,172.247883939743,0.0,,,,,
177,6.3619349002838135,13,774,173.09931634426113,0.0,,,,,
178,6.394459962844849,13,774,173.98042028903956,0.0,,,,,
179,6.425960302352905,13,774,174.83376448631282,0.0,,,,,
180,6.4582977294921875,13,774,175.70978538751598,0.0,,,,,
181,6.518126726150513,13,774,177.33055290699002,0.0,,,,,
182,6.550561904907227,13,774,178.2092218995094,0.0,,,,,
183,6.582491159439087,13,774,179.0741854047775,0.0,,,,,
184,6.6146955490112305,13,774,179.94660231828686,0.0,,,,,
185,6.6474761962890625,13,774,180.83463005304333,0.0,,,,,
186,6.677988529205322,13,774,181.6612091517448,0.0,,,,,
187,6.710256576538086,13,774,182.53535055398936,0.0,,,,,
188,6.74199914932251,13,774,183.3952568507194,0.0,,,,,
189,6.774702548980713,13,774,184.28119194746012,0.0,,,,,
190,6.806735992431641,13,774,185.14897793054575,0.0,,,,,
191,6.838465690612793,13,774,186.00853545427316,0.0,,,,,
192,6.870563268661499,13,774,186.8780588436126,0.0,,,,,
193,6.91803240776062,13,774,188.16399782180778,0.0,,,,,
194,6.950578451156616,13,774,189.04567013740532,0.0,,,,,
195,6.9770567417144775,13,774,189.7629670286178,0.0,,,,,
196,7.008042812347412,13,774,190.602379682064,0.0,,,,,
197,7.036241292953491,13,774,191.3662765216827,0.0,,,,,
198,7.067100763320923,14,772,192.20009941101068,-32.40496314724106,,,,,
199,7.098067998886108,14,772,193.036834115982,0.0,,,,,
200,7.129072904586792,14,772,193.87458666801447,0.0,,,,,
201,7.167954683303833,15,770,194.92245060443872,-25.718987993770007,,,,,
202,7.199562072753906,15,770,195.7742697501182,0.0,,,,,
203,7.231640338897705,16,768,196.63653354406352,-31.173754700994454,,,,,
204,7.285585880279541,17,766,198.08281350851055,-18.537213166920058,,,,,
205,7.3185389041900635,18,764,198.96397736787793,-30.346228701660458,,,,,
206,7.350309133529663,19,762,199.81128938436504,-31.47600822489381,,,,,
207,7.374101400375366,20,760,200.44416368246075,-42.0304633637967,,,,,
208,7.406465530395508,22,756,201.3005185627937,-61.79681019558731,,,,,
209,7.4385998249053955,23,754,202.14854259490966,-31.119401102529288,,,,,
210,7.470646142959595,24,752,202.9920016860962,-31.204832901824243,,,,,
211,7.502135515213013,25,750,203.8185977077484,-31.75674611587268,,,,,
212,7.5350422859191895,27,746,204.67779349088667,-60.777765702320664,,,,,
213,7.57470178604126,28,744,205.71052687406538,-25.21463954215361,,,,,
214,7.603628396987915,30,740,206.45972609758374,-69.14048810240095,,,,,
215,7.647293567657471,31,738,207.58759745597837,-22.901547953807093,,,,,
216,7.679999589920044,33,734,208.42781516790387,-61.15081754495951,,,,,
217,7.712018013000488,35,730,209.24588587760923,-62.46403812502327,,,,,
218,7.744076251983643,37,726,210.06048573017117,-62.38645862771638,,,,,
219,7.776137113571167,39,722,210.87066370248792,-62.38135536501751,,,,,
220,7.808123826980591,41,718,211.67448981046672,-62.525961151443774,,,,,
221,7.839681625366211,43,714,212.46311919212337,-63.37577721870915,,,,,
222,7.872213125228882,46,708,213.26924975872035,-92.21831187200891,,,,,
223,7.904230356216431,48,704,214.05815433025356,-62.46636383945193,,,,,
224,7.936400651931763,51,698,214.84407465457912,-93.25372780363442,,,,,
225,7.96819806098938,54,692,215.61420790195461,-94.34730969947813,,,,,
226,7.999705076217651,57,686,216.3706913375854,-95.21688989784336,,,,,
227,8.047804832458496,60,680,217.51546553611752,-62.370378448040846,,,,,
228,8.07977843284607,63,674,218.26972276926037,-93.82740647393499,,,,,
229,8.1112220287323,66,668,219.00487404108043,-95.40893512480665,,,,,
230,8.143238544464111,69,662,219.7466967105865,-93.70163902686038,,,,,
231,8.175243139266968,72,656,220.48152220726007,-93.73654059610986,,,,,
232,8.20818042755127,75,650,221.23084551572794,-91.08217938602523,,,,,
233,8.239744424819946,78,644,221.9422980141639,-95.04499618548368,,,,,
234,8.272011518478394,81,638,222.66282221555701,-92.97397626682823,,,,,
235,8.304214000701904,84,632,223.37514112234106,-93.16052033435258,,,,,
236,8.336247205734253,87,626,224.07698864459982,-93.65282047083517,,,,,
237,8.368227005004883,90,620,224.7709502887725,-93.8092192078012,,,,,
238,8.420281648635864,93,614,225.88960458040228,-57.63174600266565,,,,,
239,8.45458722114563,96,608,226.6196271634101,-87.44934949405094,,,,,
240,8.486610412597656,99,602,227.29435580730427,-93.682105498269,,,,,
241,8.512284755706787,103,594,227.82812540054312,-155.7975595713463,,,,,
242,8.5445396900177,106,588,228.49193194866172,-93.00902525741571,,,,,
243,8.58276629447937,110,580,229.26793201923363,-104.63916574151459,,,,,
244,8.608269929885864,113,574,229.78030005455008,-117.6302888660372,,,,,
245,8.639809370040894,117,566,230.4050963640212,-126.82533299064148,,,,,
246,8.672133684158325,121,558,231.03639021873465,-123.74585847261355,,,,,
247,8.704300165176392,125,550,231.65559497833243,-124.35304930475259,,,,,
248,8.736319780349731,129,542,232.2630070781707,-124.92342516753537,,,,,
249,8.768263339996338,133,534,232.86003220796576,-125.2208596741329,,,,,
250,8.822350025177002,137,526,233.8557680821418,-73.95535493881582,,,,,
251,8.846850156784058,141,518,234.2999554681777,-163.26442911221184,,,,,
252,8.878565549850464,146,508,234.8638551568984,-157.65215299494827,,,,,
253,8.918818235397339,150,500,235.56827715396872,-99.37225170583775,,,,,
254,8.94292664527893,154,492,235.98342397212974,-165.91720564093436,,,,,
255,8.97534704208374,159,482,236.5303560662269,-154.22389892705598,,,,,
256,9.00636625289917,163,474,237.04496477365487,-128.95234581565518,,,,,
257,9.038873195648193,168,464,237.572877523899,-153.81329578125917,,,,,
258,9.07115888595581,172,456,238.08815714120857,-123.89389732380221,,,,,
259,9.102990865707397,176,448,238.58728258371346,-125.65979342835529,,,,,
260,9.134958028793335,181,438,239.07733919382088,-156.41050119331743,,,,,
261,9.18297004699707,185,430,239.7999200677871,-83.31247361913228,,,,,
262,9.21489429473877,189,422,240.271441206932,-125.29660941000746,,,,,
263,9.246937036514282,193,414,240.73574053525917,-124.8332626472317,,,,,
264,9.278911113739014,197,406,241.1900921726226,-125.10134293746133,,,,,
265,9.31108021736145,202,396,241.63595594882958,-155.42863919008056,,,,,
266,9.34315013885498,206,388,242.07146548271172,-124.72746466831708,,,,,
267,9.37501573562622,210,380,242.49527791976922,-125.52722701901926,,,,,
268,9.406433820724487,215,370,242.90214212179177,-159.14400843849836,,,,,
269,9.438926696777344,219,362,243.31382686138147,-123.10390725318267,,,,,
270,9.471040964126587,224,352,243.70947463512414,-155.69403921393945,,,,,
271,9.503052711486816,228,344,244.0948960733413,-124.95412871368244,,,,,
272,9.530543804168701,233,334,244.41626694679252,-181.87709225885902,,,,,
273,9.578474283218384,238,324,244.9597985792159,-104.31775561469397,,,,,
274,9.613837718963623,242,316,245.35091817855826,-113.11118152705208,,,,,
275,9.650819063186646,247,306,245.74698837518682,-135.2033060195602,,,,,
276,9.68597674369812,252,296,246.1112219452857,-142.21643542065075,,,,,
277,9.711058855056763,257,286,246.3622938799857,-199.34525959582518,,,,,
278,9.742923498153687,263,274,246.6678758072852,-188.2964758698092,,,,,
279,9.775084018707275,268,264,246.96503901720038,-155.47012031936896,,,,,
280,9.807104110717773,273,254,247.2496976351737,-156.15195603937394,,,,,
281,9.838250398635864,278,244,247.5156869339942,-160.53277402267352,,,,,
282,9.870506525039673,283,234,247.7798646092414,-155.00931318924992,,,,,
283,9.902475118637085,288,224,248.0304983830451,-156.40350222991214,,,,,
284,9.951326370239258,293,214,248.39639425754538,-102.35152296031664,,,,,
285,9.990953207015991,298,204,248.67932987213126,-126.1771164872719,,,,,
286,10.015887022018433,303,194,248.84863047599785,-200.5308854465481,,,,,
287,10.0485520362854,308,184,249.05899316787713,-153.06896727904413,,,,,
288,10.081043720245361,312,176,249.25914194107048,-123.10842383328442,,,,,
289,10.112531185150146,317,166,249.4420841121673,-158.79334888087953,,,,,
290,10.144527196884155,322,156,249.616782336235,-156.26947638244127,,,,,
291,10.176533937454224,327,146,249.78033678054803,-156.2170939916273,,,,,
292,10.208547830581665,332,136,249.93272291183465,-156.18219190324407,,,,,
293,10.240069150924683,337,126,250.07173193454736,-158.62279706527494,,,,,
294,10.27253794670105,342,116,250.2035552453994,-153.9940081066792,,,,,
295,10.327089548110962,347,106,250.40594168663017,-91.65633768345236,,,,,
296,10.351764678955078,352,96,250.4888501262664,-202.63317068457414,,,,,
297,10.38485860824585,357,86,250.58846285343162,-151.08511159459965,,,,,
298,10.41659426689148,363,74,250.6706582093238,-189.06177643885837,,,,,
299,10.448573350906372,368,64,250.74229135751716,-156.35219563110417,,,,,
300,10.480108737945557,372,56,250.80410071611396,-126.84163333812155,,,,,
301,10.513606309890747,377,46,250.85803180694572,-149.26454992562225,,,,,
302,10.551331281661987,382,36,250.90556527137747,-132.53820388042723,,,,,
303,10.578125953674316,386,28,250.93182404994954,-149.2834097077012,,,,,
304,10.608669757843018,390,20,250.95320471286763,-130.95945671688392,,,,,
305,10.640136957168579,394,12,250.96642093658437,-127.11649227552033,,,,,
306,10.672810077667236,398,4,250.97099517345418,-122.42479258032267,,,,,
307,10.720146656036377,401,-2,250.96768161296833,-63.375936820049965,,,,,
308,10.752873659133911,405,-10,250.9562271618842,-122.22322918108505,,,,,
309,10.784640789031982,408,-16,250.93843756914126,-94.43723778716762,,,,,
310,10.816630840301514,411,-22,250.91380522966372,-93.77915573575007,,,,,
311,10.848649740219116,414,-28,250.8824267077445,-93.69466183161202,,,,,
312,10.880842447280884,417,-34,250.84411738634097,-93.18880808140655,,,,,
313,10.918678045272827,419,-38,250.7937960410117,-52.86027196995476,,,,,
314,10.94469666481018,422,-44,250.75372736692415,-115.30204343443599,,,,,
315,10.976728200912476,424,-48,250.6999143862723,-62.43846669147749,,,,,
316,11.008970975875854,426,-52,250.64123253583895,-62.02940045550002,,,,,
317,11.041661500930786,429,-58,250.57487076997745,-91.76970987645318,,,,,
318,11.094305038452148,431,-62,250.4606342935561,-37.99136787090755,,,,,
319,11.127243757247925,433,-66,250.38454585313787,-60.71881582280771,,,,,
320,11.15267300605774,435,-70,250.32224419355381,-78.64959027921019,,,,,
321,11.184744358062744,436,-72,250.2414243865012,-31.180475330255657,,,,,
322,11.216699361801147,438,-76,250.15642407655704,-62.58800707309612,,,,,
323,11.248718976974487,439,-78,250.06901052713383,-31.230856291883843,,,,,
324,11.280236721038818,440,-80,249.9807608437537,-31.72815915881841,,,,,
325,11.312744617462158,441,-82,249.88746318101872,-30.761756681432804,,,,,
326,11.344955921173096,442,-84,249.79276194810856,-31.045002368545713,,,,,
327,11.37723684310913,442,-84,249.69785603761662,0.0,,,,,
328,11.40906047821045,442,-84,249.60429455041873,0.0,,,,,
329,11.435271978378296,442,-84,249.52723273992527,0.0,,,,,
330,11.495259761810303,442,-84,249.35086865663516,0.0,,,,,
331,11.520548582077026,442,-84,249.276519525051,0.0,,,,,
332,11.553005456924438,442,-84,249.18109631299959,0.0,,,,,
333,11.584789276123047,442,-84,249.08765188455567,0.0,,,,,
334,11.617080450057983,441,-82,248.9949762153624,30.968214472936157,,,,,
335,11.654814720153809,441,-82,248.8866788601874,0.0,,,,,
336,11.684570789337158,440,-80,248.80336186647403,33.60658942679038,,,,,
337,11.7131028175354,440,-80,248.72347218751895,0.0,,,,,
338,11.745035409927368,439,-78,248.6362962102889,31.315966700265054,,,,,
339,11.77688479423523,439,-78,248.54934739112844,0.0,,,,,
340,11.80886173248291,438,-76,248.4642887353896,31.272537484808495,,,,,
341,11.856835126876831,437,-74,248.34003764390934,20.844887309594217,,,,,
342,11.888834476470947,436,-72,248.25939928293218,31.250635174905934,,,,,
343,11.91455078125,434,-68,248.19819447755805,77.77167120950844,,,,,
344,11.946473360061646,433,-66,248.12445332050314,31.325789996489736,,,,,
345,11.983510732650757,432,-64,248.04148960590354,26.99975538475403,,,,,
346,12.015479564666748,430,-60,247.97435505866994,62.56093431876319,,,,,
347,12.04784607887268,429,-58,247.9086510348319,30.896129056020037,,,,,
348,12.087200164794922,428,-56,247.8315170264243,25.410322119433186,,,,,
349,12.112879991531372,426,-52,247.78477974176397,77.88214541031854,,,,,
350,12.144929647445679,425,-50,247.72869284391393,31.201583027092973,,,,,
351,12.177058696746826,424,-48,247.674716041088,31.12448148175632,,,,,
352,12.20884919166565,423,-46,247.6235333442687,31.4559431224173,,,,,
353,12.261383771896362,422,-44,247.5426300907134,19.03508119049132,,,,,
354,12.295404434204102,421,-42,247.49261971712102,29.393901592930277,,,,,
355,12.327356576919556,420,-40,247.4478867173194,31.296805629136603,,,,,
356,12.352857112884521,419,-38,247.413971004486,39.21486204736483,,,,,
357,12.384894132614136,418,-36,247.37360435962668,31.213889695102438,,,,,
358,12.416797637939453,417,-34,247.33563918828955,31.344518096149102,,,,,
359,12.448913335800171,417,-34,247.29742150783528,0.0,,,,,
360,12.48043155670166,416,-32,247.26212110042562,31.727679145517673,,,,,
361,12.512953281402588,415,-30,247.22797328948965,30.74867674442473,,,,,
362,12.545656204223633,414,-28,247.19592442512504,30.578306577431725,,,,,
363,12.576913356781006,414,-28,247.1652924156188,0.0,,,,,
364,12.630974054336548,413,-26,247.11609718084327,18.497726541034723,,,,,
365,12.657011985778809,413,-26,247.0924026632308,0.0,,,,,
366,12.68894362449646,412,-24,247.065580086708,31.316901986843973,,,,,
367,12.72047233581543,412,-24,247.03909596920005,0.0,,,,,
368,12.75295877456665,411,-22,247.01408141136162,30.78207518090681,,,,,
369,12.785013675689697,411,-22,246.98939913749686,0.0,,,,,
370,12.816982507705688,411,-22,246.96478313684455,0.0,,,,,
371,12.849153518676758,411,-22,246.9400114583968,0.0,,,,,
372,12.88049840927124,411,-22,246.91587589263906,0.0,,,,,
373,12.913161277770996,411,-22,246.89072548389424,0.0,,,,,
374,12.944551467895508,411,-22,246.86655503749836,0.0,,,,,
375,12.999014377593994,411,-22,246.82461859703054,0.0,,,,,
376,13.02555775642395,411,-22,246.80418019533147,0.0,,,,,
377,13.057039976119995,411,-22,246.77993888616552,0.0,,,,,
378,13.089013814926147,412,-24,246.75308086156835,-31.275568944432845,,,,,
379,13.12053632736206,412,-24,246.72660195112218,0.0,,,,,
380,13.149051189422607,412,-24,246.70264946699132,0.0,,,,,
381,13.181483507156372,413,-26,246.67313605785358,-30.833442377105218,,,,,
382,13.213485479354858,413,-26,246.64401426315297,0.0,,,,,
383,13.245352745056152,414,-28,246.6127843427657,-31.380163248816036,,,,,
384,13.277406692504883,414,-28,246.58137147426595,0.0,,,,,
385,13.30936074256897,415,-30,246.54781972169866,-31.294937511658272,,,,,
386,13.341334581375122,415,-30,246.5142471909522,0.0,,,,,
387,13.38870620727539,415,-30,246.46450698375693,0.0,,,,,
388,13.421271324157715,416,-32,246.42803405284874,-30.70770492283363,,,,,
389,13.45330262184143,416,-32,246.39215899944298,0.0,,,,,
390,13.485416412353516,417,-34,246.3539435887336,-31.13927020305134,,,,,
391,13.5171959400177,417,-34,246.31612595081324,0.0,,,,,
392,13.559105396270752,418,-36,246.2633200359344,-23.860963357814555,,,,,
393,13.585161209106445,418,-36,246.23048971176144,0.0,,,,,
394,13.617130279541016,418,-36,246.19020868301388,0.0,,,,,
395,13.649119138717651,419,-38,246.14766350030897,-31.260883499414927,,,,,
396,13.68763279914856,419,-38,246.09644033193587,0.0,,,,,
397,13.712124586105347,419,-38,246.06386625528333,0.0,,,,,
398,13.767691373825073,419,-38,245.9899624276161,0.0,,,,,
399,13.793043613433838,419,-38,245.95624394893645,0.0,,,,,
400,13.825114011764526,419,-38,245.91359031915664,0.0,,,,,
401,13.857133865356445,420,-40,245.86876252412796,-31.230623748147817,,,,,
402,13.88918161392212,420,-40,245.823895676136,0.0,,,,,
403,13.92070722579956,420,-40,245.77975981950758,0.0,,,,,
404,13.953150510787964,421,-42,245.7320681905746,-30.823019319943857,,,,,
405,13.984386920928955,421,-42,245.68615066766736,0.0,,,,,
406,14.017060995101929,421,-42,245.6381197786331,0.0,,,,,
407,14.049383401870728,421,-42,245.59060584068297,0.0,,,,,
408,14.08764386177063,421,-42,245.5343629646301,0.0,,,,,
409,14.119150876998901,421,-42,245.48804765224455,0.0,,,,,
410,14.16768765449524,421,-42,245.41669858932494,0.0,,,,,
411,14.199212551116943,421,-42,245.37035699129103,0.0,,,,,
412,14.231634855270386,421,-42,245.32269620418546,0.0,,,,,
413,14.26247787475586,421,-42,245.27735696554183,0.0,,,,,
414,14.288220405578613,421,-42,245.23951544523237,0.0,,,,,
415,14.321699857711792,421,-42,245.1903006505966,0.0,,,,,
416,14.35320496559143,421,-42,245.14398814201354,0.0,,,,,
417,14.38522219657898,421,-42,245.09692281246186,0.0,,,,,
418,14.417254447937012,421,-42,245.04983540296556,0.0,,,,,
419,14.449275255203247,421,-42,245.00276481628418,0.0,,,,,
420,14.480250597000122,420,-40,244.95939933776856,32.28374384236453,,,,,
421,14.524925470352173,420,-40,244.8968545150757,0.0,,,,,
422,14.556901693344116,420,-40,244.85208780288696,0.0,,,,,
423,14.588855028152466,420,-40,244.80735313415528,0.0,,,,,
424,14.620255947113037,420,-40,244.76339184761048,0.0,,,,,
425,14.652246952056885,421,-42,244.71636507034302,-31.25878670442689,,,,,
426,14.684250831604004,421,-42,244.66931936740875,0.0,,,,,
427,14.717044115066528,421,-42,244.62111324071884,0.0,,,,,
428,14.759265184402466,422,-44,244.5560927939415,-23.684857246114927,,,,,
429,14.783876657485962,422,-44,244.51819112539292,0.0,,,,,
430,14.815837621688843,422,-44,244.4689712405205,0.0,,,,,
431,14.847880840301514,423,-46,244.4173816585541,-31.20785124889322,,,,,
432,14.895910024642944,423,-46,244.3400546717644,0.0,,,,,
433,14.92788553237915,424,-48,244.28633581876755,-31.27393654699325,,,,,
434,14.959777116775513,424,-48,244.23275795698166,0.0,,,,,
435,14.991999626159668,424,-48,244.1786241412163,0.0,,,,,
436,15.02445650100708,425,-50,244.12182461023332,-30.810113564576078,,,,,
437,15.055947542190552,425,-50,244.06671528816224,0.0,,,,,
438,15.087921142578125,425,-50,244.010761487484,0.0,,,,,
439,15.119812488555908,425,-50,243.95495163202287,0.0,,,,,
440,15.151928424835205,425,-50,243.8987487435341,0.0,,,,,
441,15.18389892578125,425,-50,243.84280036687852,0.0,,,,,
442,15.215952396392822,424,-48,243.7889505362511,31.19786971333363,,,,,
443,15.248269319534302,424,-48,243.7346581053734,0.0,,,,,
444,15.30332612991333,424,-48,243.64216266393663,0.0,,,,,
445,15.32947039604187,423,-46,243.6000703954697,38.24930464995395,,,,,
446,15.360835075378418,423,-46,243.54957326173783,0.0,,,,,
447,15.393313646316528,422,-44,243.49955626249314,30.789532024224627,,,,,
448,15.42526364326477,422,-44,243.45035326719284,0.0,,,,,
449,15.457259893417358,421,-42,243.40331877946852,31.2536623895322,,,,,
450,15.48929476737976,420,-40,243.35846995592115,31.215980470959483,,,,,
451,15.521498680114746,420,-40,243.31338447809216,0.0,,,,,
452,15.553652286529541,419,-38,243.27062018156047,31.100710355771085,,,,,
453,15.58570671081543,419,-38,243.22798779726025,0.0,,,,,
454,15.617529392242432,418,-36,243.18789121866223,31.42412754543956,,,,,
455,15.665545225143433,417,-34,243.13075237751005,20.826463680465558,,,,,
456,15.697376489639282,416,-32,243.0951013612747,31.415654258108006,,,,,
457,15.729364156723022,416,-32,243.0592751741409,0.0,,,,,
458,15.760881900787354,415,-30,243.02618154287336,31.72815915881841,,,,,
459,15.793410301208496,415,-30,242.99202672243115,0.0,,,,,
460,15.825373411178589,414,-28,242.96070287466046,31.286066998351522,,,,,
461,15.857348918914795,414,-28,242.92936687707896,0.0,,,,,
462,15.88957166671753,413,-26,242.90004417657846,31.033976559725346,,,,,
463,15.920900583267212,413,-26,242.87153486251825,0.0,,,,,
464,15.953578472137451,413,-26,242.84179798364633,0.0,,,,,
465,15.985578775405884,413,-26,242.81267770767207,0.0,,,,,
466,16.01738929748535,413,-26,242.78373013257976,0.0,,,,,
467,16.059871912002563,413,-26,242.7450709533691,0.0,,,,,
468,16.092296361923218,413,-26,242.7155647039413,0.0,,,,,
469,16.128431797027588,413,-26,242.68268145799632,0.0,,,,,
470,16.16326928138733,413,-26,242.65097934722897,0.0,,,,,
471,16.195414781570435,414,-28,242.6194767570495,-31.108553119530068,,,,,
472,16.21941375732422,414,-28,242.5959577608108,0.0,,,,,
473,16.25146484375,414,-28,242.56454769611352,0.0,,,,,
474,16.283453464508057,414,-28,242.53319884777062,0.0,,,,,
475,16.315932512283325,415,-30,242.49909584760658,-30.7890799914848,,,,,
476,16.348371028900146,415,-30,242.46503540515891,0.0,,,,,
477,16.379411220550537,416,-32,242.4302703905105,-32.21629593216173,,,,,
478,16.439459085464478,416,-32,242.36301678180686,0.0,,,,,
479,16.46400737762451,417,-34,242.33380431413642,-40.73603138991677,,,,,
480,16.495991230010986,417,-34,242.2957435297965,0.0,,,,,
481,16.528502225875854,418,-36,242.25477967500677,-30.758824003930744,,,,,
482,16.555591106414795,419,-38,242.21875146389,-36.91551589082812,,,,,
483,16.588358879089355,419,-38,242.17517032623283,0.0,,,,,
484,16.619475603103638,420,-40,242.13160691261282,-32.13705914353359,,,,,
485,16.652336597442627,420,-40,242.08560152053823,0.0,,,,,
486,16.684380054473877,421,-42,242.0384976387023,-31.207619047619048,,,,,
487,16.716397523880005,422,-44,241.98919073581686,-31.232949341355713,,,,,
488,16.748358249664307,422,-44,241.93997121810904,0.0,,,,,
489,16.779457569122314,422,-44,241.8920782661437,0.0,,,,,
490,16.84001111984253,423,-46,241.79458704948416,-16.514308213245137,,,,,
491,16.871506214141846,423,-46,241.74387994766226,0.0,,,,,
492,16.896218299865723,423,-46,241.70409348964682,0.0,,,,,
493,16.92810821533203,424,-48,241.65051843166341,-31.357875534555458,,,,,
494,16.96000909805298,424,-48,241.59692494869222,0.0,,,,,
495,16.991520643234253,424,-48,241.5439855527877,0.0,,,,,
496,17.02404260635376,424,-48,241.48934865474692,0.0,,,,,
497,17.06052803993225,424,-48,241.42805312633504,0.0,,,,,
498,17.08988380432129,423,-46,241.3807903456687,34.0648598601444,,,,,
499,17.12104082107544,423,-46,241.3306275486945,0.0,,,,,
500,17.15371060371399,423,-46,241.27802919864644,0.0,,,,,
501,17.201037883758545,422,-44,241.2051451873778,21.129462733936172,,,,,
502,17.23372530937195,421,-42,241.1570946717261,30.592803845340296,,,,,
503,17.265543460845947,421,-42,241.11032198905932,0.0,,,,,
504,17.297478675842285,420,-40,241.06561268806445,31.313394950203815,,,,,
505,17.32949733734131,419,-38,241.02302786827076,31.231786501459464,,,,,
506,17.361068725585938,419,-38,240.9810379219054,0.0,,,,,
507,17.39958620071411,418,-36,240.9325059032439,25.962241727224335,,,,,
508,17.42414927482605,417,-34,240.9032758450507,40.71151662217908,,,,,
509,17.456233263015747,416,-32,240.86734177827825,31.16819499145426,,,,,
510,17.488404273986816,415,-30,240.83356221675862,31.083884833438322,,,,,
511,17.52062487602234,414,-28,240.8019860267638,31.036043302279808,,,,,
512,17.575806856155396,413,-26,240.75177042484273,18.12185785266796,,,,,
513,17.601316452026367,412,-24,240.73034236431113,39.20093462311323,,,,,
514,17.63353681564331,412,-24,240.7032772588729,0.0,,,,,
515,17.665514945983887,411,-22,240.67865409851066,31.27137169527161,,,,,
516,17.697550773620605,411,-22,240.65398651123039,0.0,,,,,
517,17.729588508605957,411,-22,240.62931745529167,0.0,,,,,
518,17.76161241531372,410,-20,240.60690072059623,31.226671034410877,,,,,
519,17.799618005752563,410,-20,240.58029680728905,0.0,,,,,
520,17.825774431228638,410,-20,240.5619873094558,0.0,,,,,
521,17.857871532440186,410,-20,240.5395193386077,0.0,,,,,
522,17.88978123664856,410,-20,240.51718254566185,0.0,,,,,
523,17.92812466621399,410,-20,240.49034214496606,0.0,,,,,
524,17.97532892227173,410,-20,240.45729916572566,0.0,,,,,
525,18.001142501831055,411,-22,240.43742270946498,-38.739299898402145,,,,,
526,18.03365445137024,411,-22,240.41238850831982,0.0,,,,,
527,18.065709829330444,411,-22,240.38770586729046,0.0,,,,,
528,18.09757900238037,411,-22,240.36316660404202,0.0,,,,,
529,18.129650354385376,412,-24,240.33622666835782,-31.180475330255657,,,,,
530,18.155155420303345,412,-24,240.31480241298672,0.0,,,,,
531,18.18667197227478,413,-26,240.28612235069272,-31.729359255616917,,,,,
532,18.22466540336609,413,-26,240.25154832839962,0.0,,,,,
533,18.257415056228638,413,-26,240.2217461442947,0.0,,,,,
534,18.289498567581177,414,-28,240.19030430316923,-31.168658224838,,,,,
535,18.33747100830078,414,-28,240.14329131126402,0.0,,,,,
536,18.369502305984497,414,-28,240.11190063953399,0.0,,,,,
537,18.400221347808838,414,-28,240.08179597854613,0.0,,,,,
538,18.428194522857666,414,-28,240.05438226699826,0.0,,,,,
539,18.460827827453613,413,-26,240.02468595981594,30.64354077472712,,,,,
540,18.494712829589844,413,-26,239.99385060787196,0.0,,,,,
541,18.532186031341553,413,-26,239.9597499942779,0.0,,,,,
542,18.563196659088135,413,-26,239.9315303230285,0.0,,,,,
543,18.595412969589233,413,-26,239.9022134804725,0.0,,,,,
544,18.6277277469635,414,-28,239.87054499864573,-30.945594593398162,,,,,
545,18.65307903289795,414,-28,239.84570073842997,0.0,,,,,
546,18.685667753219604,414,-28,239.81376379251475,0.0,,,,,
547,18.73825240135193,415,-30,239.75854991197582,-19.01695714467074,,,,,
548,18.77588200569153,415,-30,239.71903882741924,0.0,,,,,
549,18.807239294052124,416,-32,239.68391866445538,-31.89051261385928,,,,,
550,18.8327419757843,416,-32,239.65535566091535,0.0,,,,,
551,18.8655366897583,416,-32,239.61862558126447,0.0,,,,,
552,18.897531270980835,416,-32,239.58279165029523,0.0,,,,,
553,18.92959427833557,417,-34,239.5446366715431,-31.188590294611917,,,,,
554,18.95723843574524,417,-34,239.51174012422558,0.0,,,,,
555,18.989293813705444,417,-34,239.47359422445294,0.0,,,,,
556,19.021319150924683,417,-34,239.43548407316206,0.0,,,,,
557,19.063002109527588,417,-34,239.3858813524246,0.0,,,,,
558,19.112082719802856,418,-36,239.32403978347776,-20.374644781136602,,,,,
559,19.135770082473755,418,-36,239.29419370651243,0.0,,,,,
560,19.167853116989136,418,-36,239.25376908302306,0.0,,,,,
561,19.199281930923462,418,-36,239.2141687774658,0.0,,,,,
562,19.231781721115112,418,-36,239.17321904182432,0.0,,,,,
563,19.264235734939575,418,-36,239.1323269844055,0.0,,,,,
564,19.295807361602783,418,-36,239.09254673480984,0.0,,,,,
565,19.328150749206543,418,-36,239.0517940664291,0.0,,,,,
566,19.359300136566162,418,-36,239.01254583835598,0.0,,,,,
567,19.392279148101807,418,-36,238.97099228382106,0.0,,,,,
568,19.424262523651123,418,-36,238.93069323062892,0.0,,,,,
569,19.455770015716553,417,-34,238.89319931507106,31.73848295901689,,,,,
570,19.50433611869812,417,-34,238.83540565252298,0.0,,,,,
571,19.536416053771973,416,-32,238.79947612524026,31.17213291416765,,,,,
572,19.56465744972229,416,-32,238.7678457617759,0.0,,,,,
573,19.596314668655396,416,-32,238.73238967657082,0.0,,,,,
574,19.62855315208435,415,-30,238.69853926897042,31.018828854146637,,,,,
575,19.659828662872314,415,-30,238.66569998264305,0.0,,,,,
576,19.692702293395996,415,-30,238.63118267059318,0.0,,,,,
577,19.729841947555542,415,-30,238.59218603372565,0.0,,,,,
578,19.764713048934937,415,-30,238.5555713772773,0.0,,,,,
579,19.796711683273315,415,-30,238.52197281122199,0.0,,,,,
580,19.828771829605103,415,-30,238.4883096575736,0.0,,,,,
581,19.876755714416504,415,-30,238.43792657852163,0.0,,,,,
582,19.908843517303467,416,-32,238.40198823928822,-31.164489620019914,,,,,
583,19.939937591552734,416,-32,238.36716287612904,0.0,,,,,
584,19.97186803817749,416,-32,238.33140077590932,0.0,,,,,
585,20.00536274909973,416,-32,238.2938866996764,0.0,,,,,
586,20.03710412979126,416,-32,238.25833635330187,0.0,,,,,
587,20.071879625320435,416,-32,238.21938779830919,0.0,,,,,
588,20.10391879081726,416,-32,238.18350393295273,0.0,,,,,
589,20.12972593307495,417,-34,238.1527934336661,-38.74896298143991,,,,,
590,20.161394596099854,417,-34,238.11510772466644,0.0,,,,,
591,20.199899673461914,417,-34,238.0692866826056,0.0,,,,,
592,20.24818778038025,417,-34,238.01182383537278,0.0,,,,,
593,20.273608207702637,417,-34,237.98157352685914,0.0,,,,,
594,20.30563998222351,417,-34,237.94345571517928,0.0,,,,,
595,20.33690881729126,418,-36,237.90405698299392,-31.98072450839109,,,,,
596,20.368927478790283,418,-36,237.86371346950514,0.0,,,,,
597,20.401422262191772,418,-36,237.82277004241928,0.0,,,,,
598,20.43369460105896,418,-36,237.78210689544662,0.0,,,,,
599,20.465813398361206,418,-36,237.7416372108458,0.0,,,,,
600,20.49779486656189,418,-36,237.70134056091294,0.0,,,,,
601,20.529435634613037,418,-36,237.6614731931685,0.0,,,,,
602,20.56144070625305,418,-36,237.62114680290208,0.0,,,,,
603,20.59380531311035,418,-36,237.58036739826187,0.0,,,,,
604,20.647456407546997,418,-36,237.5127670192717,0.0,,,,,
605,20.673715114593506,418,-36,237.4796810483931,0.0,,,,,
606,20.70496702194214,418,-36,237.44030364513384,0.0,,,,,
607,20.73775029182434,418,-36,237.39899672508227,0.0,,,,,
608,20.76473641395569,418,-36,237.36499421119677,0.0,,,,,
609,20.796782732009888,418,-36,237.32461585044848,0.0,,,,,
610,20.828765153884888,418,-36,237.28431799888597,0.0,,,,,
611,20.860593795776367,417,-34,237.24644191503512,31.41824283327965,,,,,
612,20.892754554748535,417,-34,237.20817061185824,0.0,,,,,
613,20.931989431381226,416,-32,237.16422755002964,25.487527573026743,,,,,
614,20.967491626739502,416,-32,237.12446509122836,0.0,,,,,
615,21.008002042770386,416,-32,237.07909342527378,0.0,,,,,
616,21.040486574172974,415,-30,237.04498466730107,30.78388256880734,,,,,
617,21.071983575820923,414,-28,237.01411760568607,31.749053804463014,,,,,
618,21.104655981063843,414,-28,236.982098648548,0.0,,,,,
619,21.141100645065308,414,-28,236.94638287782658,0.0,,,,,
620,21.175994157791138,414,-28,236.91218723535528,0.0,,,,,
621,21.20751976966858,414,-28,236.88129213571537,0.0,,,,,
622,21.233781337738037,413,-26,236.85739410877216,38.078457362300156,,,,,
623,21.260030508041382,413,-26,236.83350736379612,0.0,,,,,
624,21.292838096618652,414,-28,236.8013559269904,-30.4807528796192,,,,,
625,21.32403564453125,414,-28,236.77078233003604,0.0,,,,,
626,21.35653042793274,414,-28,236.73893744230259,0.0,,,,,
627,21.41203236579895,414,-28,236.6845455431937,0.0,,,,,
628,21.448179006576538,414,-28,236.64912183523168,0.0,,,,,
629,21.480175495147705,415,-30,236.61552552223196,-31.25342950604681,,,,,
630,21.512032508850098,415,-30,236.58207565784446,0.0,,,,,
631,21.53820037841797,415,-30,236.5545993947982,0.0,,,,,
632,21.569907426834106,415,-30,236.52130699396125,0.0,,,,,
633,21.601552486419678,415,-30,236.48807968139639,0.0,,,,,
634,21.633989095687866,415,-30,236.45402124166478,0.0,,,,,
635,21.666051387786865,415,-30,236.42035583496082,0.0,,,,,
636,21.697890520095825,415,-30,236.3869247460364,0.0,,,,,
637,21.72903609275818,415,-30,236.35422189474093,0.0,,,,,
638,21.783610105514526,415,-30,236.29691918134677,0.0,,,,,
639,21.816205739974976,415,-30,236.2626937651633,0.0,,,,,
640,21.84157681465149,415,-30,236.23605413675295,0.0,,,,,
641,21.87381672859192,415,-30,236.2022022271155,0.0,,,,,
642,21.905900478363037,415,-30,236.1685142898558,0.0,,,,,
643,21.937894344329834,415,-30,236.13492073059066,0.0,,,,,
644,21.969910383224487,415,-30,236.10130388975128,0.0,,,,,
645,22.001609086990356,414,-28,236.07023916006074,31.547031304060052,,,,,
646,22.0337393283844,414,-28,236.03875152349457,0.0,,,,,
647,22.06598949432373,414,-28,236.00714636087403,0.0,,,,,
648,22.09795832633972,414,-28,235.97581690549836,0.0,,,,,
649,22.129761457443237,414,-28,235.94464983701693,0.0,,,,,
650,22.178075551986694,414,-28,235.89730202436434,0.0,,,,,
651,22.216293811798096,414,-28,235.85984812974917,0.0,,,,,
652,22.248172521591187,414,-28,235.82860699415193,0.0,,,,,
653,22.279816150665283,414,-28,235.79759623765932,0.0,,,,,
654,22.30812644958496,414,-28,235.76985214471804,0.0,,,,,
655,22.34115433692932,414,-28,235.73748481512058,0.0,,,,,
656,22.370128631591797,414,-28,235.70909000635135,0.0,,,,,
657,22.401655197143555,414,-28,235.67819397211062,0.0,,,,,
658,22.433963537216187,414,-28,235.64653179883945,0.0,,,,,
659,22.465168952941895,415,-30,235.61376611232745,-32.04571952477366,,,,,
660,22.49811100959778,415,-30,235.57917695283876,0.0,,,,,
661,22.546348810195923,415,-30,235.5285272622107,0.0,,,,,
662,22.58118462562561,415,-30,235.49194965600952,0.0,,,,,
663,22.616474628448486,415,-30,235.4548951530455,0.0,,,,,
664,22.647687435150146,415,-30,235.42212170600877,0.0,,,,,
665,22.680196046829224,415,-30,235.38798766374575,0.0,,,,,
666,22.712200164794922,415,-30,235.35438333988176,0.0,,,,,
667,22.738001346588135,414,-28,235.32909818172442,38.7579145798296,,,,,
668,22.769994735717773,414,-28,235.29774466037736,0.0,,,,,
669,22.801995277404785,414,-28,235.26638412952408,0.0,,,,,
670,22.83418607711792,413,-26,235.23709050178513,31.06477654831208,,,,,
671,22.86597514152527,413,-26,235.20816245317445,0.0,,,,,
672,22.92048454284668,413,-26,235.15855889797197,0.0,,,,,
673,22.945961236953735,412,-24,235.13715847492205,39.251560496738634,,,,,
674,22.977219104766846,412,-24,235.11090186595902,0.0,,,,,
675,23.0092351436615,412,-24,235.08400839328752,0.0,,,,,
676,23.041730403900146,412,-24,235.05671237468707,0.0,,,,,
677,23.073227405548096,412,-24,235.03025489330278,0.0,,,,,
678,23.10602593421936,411,-22,235.0050000262259,30.489172548649023,,,,,
679,23.1380832195282,411,-22,234.9803159165381,0.0,,,,,
680,23.170092821121216,411,-22,234.9556685233115,0.0,,,,,
681,23.20257806777954,411,-22,234.9306548833846,0.0,,,,,
682,23.23827862739563,411,-22,234.9031654524802,0.0,,,,,
683,23.270081281661987,411,-22,234.87867740869513,0.0,,,,,
684,23.317476511001587,411,-22,234.84218308210365,0.0,,,,,
685,23.349260807037354,411,-22,234.8177091741561,0.0,,,,,
686,23.38128089904785,411,-22,234.79305370330803,0.0,,,,,
687,23.413913011550903,411,-22,234.76792697668068,0.0,,,,,
688,23.44576644897461,411,-22,234.74339982986444,0.0,,,,,
689,23.479846239089966,411,-22,234.7171583914756,0.0,,,,,
690,23.506279468536377,411,-22,234.69680480480187,0.0,,,,,
691,23.537986755371094,411,-22,234.67239019393915,0.0,,,,,
692,23.568570613861084,411,-22,234.64884062290187,0.0,,,,,
693,23.600520133972168,410,-20,234.6264759588241,31.2993746548662,,,,,
694,23.632460832595825,410,-20,234.60411746978755,0.0,,,,,
695,23.679804801940918,409,-18,234.57429076910014,21.12201435225985,,,,,
696,23.713290691375732,409,-18,234.5531946587562,0.0,,,,,
697,23.750284671783447,409,-18,234.52988845109934,0.0,,,,,
698,23.782042980194092,408,-16,234.51210379838938,31.48782318849284,,,,,
699,23.813315391540527,408,-16,234.49459124803536,0.0,,,,,
700,23.84618306159973,408,-16,234.47618535280222,0.0,,,,,
701,23.872556924819946,408,-16,234.4614159893989,0.0,,,,,
702,23.904551029205322,408,-16,234.44349929094307,0.0,,,,,
703,23.941330909729004,407,-14,234.42547714948645,27.188777825314716,,,,,
704,23.974029779434204,407,-14,234.4094547033309,0.0,,,,,
705,24.00584578514099,407,-14,234.3938648605346,0.0,,,,,
706,24.040003776550293,407,-14,234.37712744474405,0.0,,,,,
707,24.08657431602478,406,-12,234.35756781816477,21.472802576139987,,,,,
708,24.120128393173218,406,-12,234.34347510576242,0.0,,,,,
709,24.144503593444824,406,-12,234.33323752164836,0.0,,,,,
710,24.17635679244995,406,-12,234.3198591780662,0.0,,,,,
711,24.214214086532593,406,-12,234.30395911455147,0.0,,,,,
712,24.246857404708862,407,-14,234.2879638886451,-30.63414064097695,,,,,
713,24.2726309299469,407,-14,234.27533486127845,0.0,,,,,
714,24.309373378753662,407,-14,234.25733106136315,0.0,,,,,
715,24.341412782669067,407,-14,234.2416317534446,0.0,,,,,
716,24.374056816101074,408,-16,234.2233510947227,-30.633469423527778,,,,,
717,24.405899047851562,408,-16,234.2055194449424,0.0,,,,,
718,24.453522205352783,408,-16,234.17885047674173,0.0,,,,,
719,24.485902309417725,409,-18,234.15845101118083,-30.883162018083823,,,,,
720,24.518383026123047,409,-18,234.1379881596565,0.0,,,,,
721,24.550386905670166,409,-18,234.1178257155418,0.0,,,,,
722,24.57565999031067,410,-20,234.10013455629345,-39.56778581738253,,,,,
723,24.608620405197144,410,-20,234.0770622658729,0.0,,,,,
724,24.638915300369263,410,-20,234.05585583925242,0.0,,,,,
725,24.6726336479187,409,-18,234.03461328029627,29.657443874845324,,,,,
726,24.703460216522217,409,-18,234.01519254207605,0.0,,,,,
727,24.73540759086609,409,-18,233.9950656962394,0.0,,,,,
728,24.767425060272217,409,-18,233.97489469051354,0.0,,,,,
729,24.798935651779175,409,-18,233.95504301786414,0.0,,,,,
730,24.847593069076538,409,-18,233.9243888449668,0.0,,,,,
731,24.87951397895813,409,-18,233.90427867174142,0.0,,,,,
732,24.91059160232544,409,-18,233.88469976902002,0.0,,,,,
733,24.943484783172607,409,-18,233.8639770650863,0.0,,,,,
734,24.97543478012085,408,-16,233.84608506679527,31.29890752790878,,,,,
735,25.007445335388184,408,-16,233.82815915584555,0.0,,,,,
736,25.03951907157898,408,-16,233.8101978635787,0.0,,,,,
737,25.071479082107544,408,-16,233.7923002576827,0.0,,,,,
738,25.10350012779236,407,-14,233.77660994529714,31.229461081411106,,,,,
739,25.135472774505615,407,-14,233.76094334840764,0.0,,,,,
740,25.16864037513733,406,-12,233.74701295614233,30.149904755058763,,,,,
741,25.21935224533081,406,-12,233.72571397066108,0.0,,,,,
742,25.256165027618408,406,-12,233.7102526021003,0.0,,,,,
743,25.28611183166504,405,-10,233.69977122068397,33.3925449421206,,,,,
744,25.318596363067627,405,-10,233.68840163469307,0.0,,,,,
745,25.349493741989136,405,-10,233.67758755207055,0.0,,,,,
746,25.381515502929688,405,-10,233.66637993574136,0.0,,,,,
747,25.413501739501953,404,-8,233.65742378950114,31.26344663088849,,,,,
748,25.446009635925293,404,-8,233.6483215785026,0.0,,,,,
749,25.47275447845459,404,-8,233.6408330225944,0.0,,,,,
750,25.504510402679443,403,-6,233.63416427850717,31.490187245671727,,,,,
751,25.536396026611328,403,-6,233.62746829748147,0.0,,,,,
752,25.5903959274292,403,-6,233.6161283183097,0.0,,,,,
753,25.621543407440186,403,-6,233.6095873475074,0.0,,,,,
754,25.654322862625122,403,-6,233.60270366191855,0.0,,,,,
755,25.686306953430176,403,-6,233.59598700284948,0.0,,,,,
756,25.712980270385742,403,-6,233.5903856062888,0.0,,,,,
757,25.746065378189087,403,-6,233.5834377336501,0.0,,,,,
758,25.77620530128479,403,-6,233.5771083498,0.0,,,,,
759,25.810088872909546,403,-6,233.5699927997588,0.0,,,,,
760,25.840648651123047,403,-6,233.56357524633398,0.0,,,,,
761,25.878506183624268,403,-6,233.55562516450874,0.0,,,,,
762,25.910359859466553,403,-6,233.54893589258185,0.0,,,,,
763,25.942074060440063,404,-8,233.54005591630926,-31.53161578421128,,,,,
764,25.99031352996826,405,-10,233.52317210197438,-20.72991286555199,,,,,
765,26.021591424942017,406,-12,233.5100353860854,-31.97146102188446,,,,,
766,26.054579734802246,406,-12,233.4961802959441,0.0,,,,,
767,26.086090803146362,407,-14,233.48073987245547,-31.734880870413946,,,,,
768,26.118587493896484,408,-16,233.46254172563542,-30.77236410591265,,,,,
769,26.15034794807434,409,-18,233.44253263950336,-31.48569584049605,,,,,
770,26.181723594665527,410,-20,233.42056968688954,-31.87185312958305,,,,,
771,26.214267015457153,412,-24,233.39323321342457,-61.4563543521103,,,,,
772,26.23734402656555,413,-26,233.37223313331592,-43.333168030415735,,,,,
773,26.278587818145752,415,-30,233.3289271521567,-48.49214689951384,,,,,
774,26.311569213867188,417,-34,233.28967929124818,-60.640247516879434,,,,,
775,26.3526291847229,419,-38,233.23506953001007,-48.70924061364085,,,,,
776,26.38561987876892,420,-40,233.18888255834563,-30.311578125790437,,,,,
777,26.416881799697876,422,-44,233.14073920011504,-63.97559524717439,,,,,
778,26.448638916015625,423,-46,233.08961024284346,-31.489005172711508,,,,,
779,26.480201721191406,425,-50,233.03437533378585,-63.365723954556444,,,,,
780,26.512627601623535,425,-50,232.97763004302962,0.0,,,,,
781,26.55019497871399,426,-52,232.90925741672498,-26.618840000253858,,,,,
782,26.575695037841797,427,-54,232.86106230497342,-39.21559534383619,,,,,
783,26.607674837112427,427,-54,232.80062048435192,0.0,,,,,
784,26.639681816101074,428,-56,232.73788680553417,-31.243186067472642,,,,,
785,26.671648025512695,428,-56,232.6752330350874,0.0,,,,,
786,26.703649759292603,428,-56,232.61250963687877,0.0,,,,,
787,26.75846552848816,428,-56,232.50507072925546,0.0,,,,,
788,26.784820795059204,427,-54,232.4552592754362,37.94308045810642,,,,,
789,26.81681776046753,427,-54,232.39478501081445,0.0,,,,,
790,26.84866762161255,426,-52,232.33681826353052,31.397311135730753,,,,,
791,26.882163047790527,426,-52,232.2758565878866,0.0,,,,,
792,26.910049200057983,425,-50,232.22705582141856,35.86009250788711,,,,,
793,26.94267702102661,425,-50,232.16995713472346,0.0,,,,,
794,26.973756551742554,424,-48,232.11774352312068,32.17551800056767,,,,,
795,27.005697011947632,423,-46,232.0663193821905,31.30825271706676,,,,,
796,27.037192583084106,422,-44,232.01781620264032,31.750495828980636,,,,,
797,27.069654941558838,421,-42,231.97009653568247,30.804909038830175,,,,,
798,27.126208543777466,421,-42,231.8869627404211,0.0,,,,,
799,27.152702569961548,420,-40,231.84987110376338,37.74435765451208,,,,,
800,27.184891939163208,419,-38,231.80705924272516,31.066157082333422,,,,,
801,27.216904401779175,418,-36,231.76672353982903,31.237834214642138,,,,,
802,27.24887228012085,417,-34,231.72868176460244,31.281400326663334,,,,,
803,27.280223608016968,416,-32,231.6935682773588,31.896575587275755,,,,,
804,27.31272315979004,416,-32,231.65716877937297,0.0,,,,,
805,27.344990015029907,415,-30,231.6232885813711,30.991554416013358,,,,,
806,27.37697124481201,414,-28,231.59194697618463,31.268341049210147,,,,,
807,27.40923762321472,413,-26,231.56258457183816,30.992012413640225,,,,,
808,27.44223380088806,412,-24,231.53486778259256,30.306540651463916,,,,,
809,27.472703456878662,411,-22,231.5114061474798,32.81953692908395,,,,,
810,27.522101879119873,411,-22,231.47336936235405,0.0,,,,,
811,27.55303192138672,410,-20,231.45171833276726,32.33102597702921,,,,,
812,27.58499836921692,410,-20,231.42934181928612,0.0,,,,,
813,27.616756439208984,409,-18,231.40933423519112,31.488059578237728,,,,,
814,27.648919582366943,409,-18,231.3890714550016,0.0,,,,,
815,27.680986166000366,409,-18,231.36886950731255,0.0,,,,,
816,27.712780952453613,409,-18,231.34883879184702,0.0,,,,,
817,27.74497413635254,409,-18,231.3285570859907,0.0,,,,,
818,27.776790142059326,409,-18,231.30851300239542,0.0,,,,,
819,27.80899143218994,409,-18,231.28822618961314,0.0,,,,,
820,27.840946674346924,409,-18,231.26809438705425,0.0,,,,,
821,27.893309831619263,409,-18,231.23510559797268,0.0,,,,,
822,27.926486015319824,410,-20,231.21188226938227,-30.142104620160833,,,,,
823,27.958783626556396,410,-20,231.18927394151666,0.0,,,,,
824,27.99080204963684,410,-20,231.16686104536035,0.0,,,,,
825,28.018677711486816,410,-20,231.14734808206538,0.0,,,,,
826,28.0487961769104,410,-20,231.12626515626886,0.0,,,,,
827,28.082315921783447,410,-20,231.10280133485773,0.0,,,,,
828,28.11282706260681,410,-20,231.08144353628137,0.0,,,,,
829,28.145070791244507,411,-22,231.05661586523036,-31.013782904466133,,,,,
830,28.177037477493286,411,-22,231.0320015168188,0.0,,,,,
831,28.208980083465576,411,-22,231.00740571022016,0.0,,,,,
832,28.26250457763672,411,-22,230.96619184970837,0.0,,,,,
833,28.29383611679077,411,-22,230.94206656455975,0.0,,,,,
834,28.319011926651,412,-24,230.92091888427717,-39.72066859226289,,,,,
835,28.350878715515137,412,-24,230.8941507816313,0.0,,,,,
836,28.382844924926758,412,-24,230.86729916572554,0.0,,,,,
837,28.415003299713135,412,-24,230.84028613090499,0.0,,,,,
838,28.446839809417725,413,-26,230.8113149070738,-31.410478387203067,,,,,
839,28.478362560272217,413,-26,230.78262920379623,0.0,,,,,
840,28.511203289031982,413,-26,230.75274414062486,0.0,,,,,
841,28.543047189712524,413,-26,230.72376619100555,0.0,,,,,
842,28.575867176055908,413,-26,230.69390000343307,0.0,,,,,
843,28.606836080551147,413,-26,230.6657183003424,0.0,,,,,
844,28.655940294265747,413,-26,230.62103346586213,0.0,,,,,
845,28.68692970275879,413,-26,230.59283310413346,0.0,,,,,
846,28.718939781188965,413,-26,230.563703932762,0.0,,,,,
847,28.75088667869568,413,-26,230.53463225603087,0.0,,,,,
848,28.782959461212158,413,-26,230.5054460239409,0.0,,,,,
849,28.815052032470703,413,-26,230.4762417840956,0.0,,,,,
850,28.84705424308777,413,-26,230.44711977243406,0.0,,,,,
851,28.87848401069641,413,-26,230.4185186839102,0.0,,,,,
852,28.910953760147095,412,-24,230.39124409437164,30.797897024701147,,,,,
853,28.942909479141235,412,-24,230.36440129041657,0.0,,,,,
854,28.974996089935303,412,-24,230.33744853734956,0.0,,,,,
855,29.022485494613647,412,-24,230.29755743741975,0.0,,,,,
856,29.058791875839233,412,-24,230.26706007719025,0.0,,,,,
857,29.08979058265686,411,-22,230.24319107294068,32.259410235505854,,,,,
858,29.121415376663208,411,-22,230.2188399815558,0.0,,,,,
859,29.1607027053833,411,-22,230.18858873844133,0.0,,,,,
860,29.183231830596924,410,-20,230.1728183507918,44.38698753360001,,,,,
861,29.21595287322998,410,-20,230.14991362094867,0.0,,,,,
862,29.247105598449707,410,-20,230.12810671329487,0.0,,,,,
863,29.279127836227417,410,-20,230.10569114685046,0.0,,,,,
864,29.3111093044281,409,-18,230.08554282188402,31.268107946921127,,,,,
865,29.343115091323853,409,-18,230.0653791761397,0.0,,,,,
866,29.37492275238037,409,-18,230.0453403496741,0.0,,,,,
867,29.42988133430481,408,-16,230.0145635437964,18.19552042617987,,,,,
868,29.461984872817993,408,-16,229.99658556222903,0.0,,,,,
869,29.494598865509033,408,-16,229.97832172632204,0.0,,,,,
870,29.526471614837646,407,-14,229.96270407915102,31.37476436970767,,,,,
871,29.55920386314392,407,-14,229.94666527748095,0.0,,,,,
872,29.591028690338135,407,-14,229.9310711121558,0.0,,,,,
873,29.62264108657837,407,-14,229.91558103799807,0.0,,,,,
874,29.65473699569702,407,-14,229.89985404252994,0.0,,,,,
875,29.68650460243225,407,-14,229.88428791522966,0.0,,,,,
876,29.720768928527832,407,-14,229.86749839544282,0.0,,,,,
877,29.75107216835022,407,-14,229.85264980792985,0.0,,,,,
878,29.80001664161682,407,-14,229.82866701602921,0.0,,,,,
879,29.82500123977661,408,-16,229.81467564105972,-40.02465813556249,,,,,
880,29.85722064971924,408,-16,229.79663277149186,0.0,,,,,
881,29.88923215866089,408,-16,229.77870632648452,0.0,,,,,
882,29.921199560165405,408,-16,229.760804581642,0.0,,,,,
883,29.95324420928955,408,-16,229.74285957813248,0.0,,,,,
884,29.984618186950684,408,-16,229.72529015064225,0.0,,,,,
885,30.01820707321167,408,-16,229.7064803743361,0.0,,,,,
886,30.05078434944153,409,-18,229.6859566903113,-30.69624338585616,,,,,
887,30.081317901611328,409,-18,229.6667205524443,0.0,,,,,
888,30.114688634872437,409,-18,229.6456969904898,0.0,,,,,
889,30.1450138092041,409,-18,229.62659213066084,0.0,,,,,
890,30.193288803100586,409,-18,229.59617888450606,0.0,,,,,
891,30.22506332397461,410,-20,229.57393671989425,-31.471757008223783,,,,,
892,30.257344722747803,410,-20,229.551339740753,0.0,,,,,
893,30.289270401000977,410,-20,229.52899176597577,0.0,,,,,
894,30.3212890625,410,-20,229.50657870292645,0.0,,,,,
895,30.353078842163086,411,-22,229.48210057258586,-31.45665086698266,,,,,
896,30.38530468940735,411,-22,229.4572866702078,0.0,,,,,
897,30.417296886444092,411,-22,229.4326526784895,0.0,,,,,
898,30.449273824691772,411,-22,229.40803043603879,0.0,,,,,
899,30.481335163116455,411,-22,229.38334320545178,0.0,,,,,
900,30.51305651664734,412,-24,229.35669726848585,-31.52450600906433,,,,,
901,30.566614627838135,412,-24,229.31170845508558,0.0,,,,,
902,30.5990891456604,412,-24,229.28442986011487,0.0,,,,,
903,30.633200883865356,412,-24,229.2557760000227,0.0,,,,,
904,30.663113832473755,412,-24,229.23064912319165,0.0,,,,,
905,30.696759462356567,412,-24,229.2023867940901,0.0,,,,,
906,30.72132682800293,412,-24,229.18175020694716,0.0,,,,,
907,30.753138303756714,412,-24,229.155028567314,0.0,,,,,
908,30.785319805145264,412,-24,229.1279961061476,0.0,,,,,
909,30.81712770462036,412,-24,229.1012774705885,0.0,,,,,
910,30.8493173122406,412,-24,229.07423820018752,0.0,,,,,
911,30.881298303604126,412,-24,229.04737416744217,0.0,,,,,
912,30.934144496917725,412,-24,229.00298336505875,0.0,,,,,
913,30.966138124465942,412,-24,228.97610871791824,0.0,,,,,
914,30.99815011024475,413,-26,228.94697781085952,-31.23829952036226,,,,,
915,31.02565574645996,413,-26,228.92194768190367,0.0,,,,,
916,31.05753517150879,413,-26,228.89293740510925,0.0,,,,,
917,31.089404106140137,414,-28,228.86170584917053,-31.378519915013317,,,,,
918,31.120659112930298,414,-28,228.83107594251618,0.0,,,,,
919,31.153610467910767,415,-30,228.7964770197867,-30.347765686501504,,,,,
920,31.186729669570923,415,-30,228.76170185804352,0.0,,,,,
921,31.217175483703613,416,-32,228.7276025462149,-32.84523762911221,,,,,
922,31.250773668289185,416,-32,228.68997257947908,0.0,,,,,
923,31.281389474868774,416,-32,228.65568287610992,0.0,,,,,
924,31.329188108444214,416,-32,228.60214840650542,0.0,,,,,
925,31.361353635787964,416,-32,228.5661230158804,0.0,,,,,
926,31.393431425094604,417,-34,228.5279504466055,-31.174218099655132,,,,,
927,31.425414085388184,417,-34,228.48989108085615,0.0,,,,,
928,31.457457065582275,417,-34,228.45175993442518,0.0,,,,,
929,31.48920464515686,417,-34,228.41398031473142,0.0,,,,,
930,31.521666765213013,417,-34,228.3753503918646,0.0,,,,,
931,31.55904221534729,416,-32,228.33348988771422,26.755530606516803,,,,,
932,31.590961456298828,416,-32,228.2977403378485,0.0,,,,,
933,31.622222423553467,415,-30,228.26491632223113,31.988773471224395,,,,,
934,31.649189949035645,414,-28,228.2384881472586,37.08163734417823,,,,,
935,31.700855255126953,414,-28,228.18785614728912,0.0,,,,,
936,31.734955072402954,413,-26,228.15682531356796,29.32567033735361,,,,,
937,31.76690912246704,412,-24,228.12998391151413,31.294937511658272,,,,,
938,31.798951864242554,412,-24,228.1030680084227,0.0,,,,,
939,31.83024525642395,411,-22,228.078972096443,31.95562801895561,,,,,
940,31.857420682907104,410,-20,228.0599492979048,36.79795055359618,,,,,
941,31.88944411277771,409,-18,228.03977453708632,31.227136007623812,,,,,
942,31.921674251556396,408,-16,228.02172565937025,31.026859886228298,,,,,
943,31.95478391647339,408,-16,228.00318424701672,0.0,,,,,
944,31.98526406288147,407,-14,227.98824897527675,32.80824135854134,,,,,
945,32.01727342605591,406,-12,227.97480504274347,31.240858949626464,,,,,
946,32.04983448982239,406,-12,227.96112939596154,0.0,,,,,
947,32.10510063171387,406,-12,227.93791761636712,0.0,,,,,
948,32.12947058677673,406,-12,227.92768223524072,0.0,,,,,
949,32.16079092025757,405,-10,227.91672011852242,31.92814024831198,,,,,
950,32.192795515060425,406,-12,227.90327818870523,-31.24551353203662,,,,,
951,32.22097682952881,406,-12,227.89144203662852,0.0,,,,,
952,32.253687143325806,406,-12,227.87770370483378,0.0,,,,,
953,32.28560972213745,406,-12,227.8642962217329,0.0,,,,,
954,32.31767177581787,406,-12,227.85083015918713,0.0,,,,,
955,32.34971642494202,406,-12,227.83737140655498,0.0,,,,,
956,32.38164782524109,407,-14,227.82172502040842,-31.31713581721795,,,,,
957,32.41520404815674,407,-14,227.80528247117977,0.0,,,,,
958,32.471110105514526,407,-14,227.77788850307445,0.0,,,,,
959,32.502344369888306,408,-16,227.76039731502513,-32.016121399019895,,,,,
960,32.534982204437256,409,-18,227.73983547925928,-30.639287618797162,,,,,
961,32.56538796424866,409,-18,227.7206798505781,0.0,,,,,
962,32.59356355667114,410,-20,227.70095693588237,-35.49171158516462,,,,,
963,32.62535762786865,410,-20,227.67870108604413,0.0,,,,,
964,32.65734243392944,411,-22,227.6540727853773,-31.264844879765047,,,,,
965,32.6895215511322,411,-22,227.6292948651312,0.0,,,,,
966,32.72180223464966,412,-24,227.60217909097653,-30.978278370693157,,,,,
967,32.75363779067993,412,-24,227.5754372239111,0.0,,,,,
968,32.78559875488281,412,-24,227.5485900139807,0.0,,,,,
969,32.8173246383667,412,-24,227.52194027185422,0.0,,,,,
970,32.865673780441284,412,-24,227.48132699251155,0.0,,,,,
971,32.8976411819458,412,-24,227.45447437524777,0.0,,,,,
972,32.9333918094635,411,-22,227.42694639205914,27.97153698924301,,,,,
973,32.967153787612915,411,-22,227.4009496688841,0.0,,,,,
974,32.99838352203369,411,-22,227.3769027733801,0.0,,,,,
975,33.02585697174072,411,-22,227.35574821710568,0.0,,,,,
976,33.05765247344971,411,-22,227.33126568078976,0.0,,,,,
977,33.089598417282104,410,-20,227.30890352010707,31.302878551544506,,,,,
978,33.121405601501465,410,-20,227.28663849115352,0.0,,,,,
979,33.15339994430542,410,-20,227.26424245119077,0.0,,,,,
980,33.185667991638184,409,-18,227.24391358137112,30.990409481166232,,,,,
981,33.23917245864868,409,-18,227.2102057671545,0.0,,,,,
982,33.27040958404541,409,-18,227.19052637815454,0.0,,,,,
983,33.302417278289795,409,-18,227.17036153078058,0.0,,,,,
984,33.33511018753052,409,-18,227.14976499795893,0.0,,,,,
985,33.36093044281006,409,-18,227.1334982371328,0.0,,,,,
986,33.39341425895691,409,-18,227.1130334329603,0.0,,,,,
987,33.425004720687866,409,-18,227.0931314420698,0.0,,,,,
988,33.457634687423706,409,-18,227.07257456302622,0.0,,,,,
989,33.48962712287903,409,-18,227.05241932868938,0.0,,,,,
990,33.52201843261719,409,-18,227.03201280355435,0.0,,,,,
991,33.559112787246704,410,-20,227.0060467553137,-26.9582800398496,,,,,
992,33.606972217559814,410,-20,226.97254515409452,0.0,,,,,
993,33.6391282081604,410,-20,226.95003596067411,0.0,,,,,
994,33.67117261886597,410,-20,226.92760487318023,0.0,,,,,
995,33.69746255874634,410,-20,226.90920191526396,0.0,,,,,
996,33.7306067943573,410,-20,226.8860009503363,0.0,,,,,
997,33.760966777801514,410,-20,226.86474896192536,0.0,,,,,
998,33.79379677772522,410,-20,226.84176796197877,0.0,,,,,
999,33.82605528831482,410,-20,226.81918700456606,0.0,,,,,
1000,33.85849452018738,411,-22,226.79420879602418,-30.82687049830957,,,,,
1001,33.88973116874695,411,-22,226.7701565766333,0.0,,,,,
1002,33.921708822250366,411,-22,226.74553378343566,0.0,,,,,
1003,33.953667640686035,411,-22,226.7209254932402,0.0,,,,,
1004,34.001006841659546,411,-22,226.6844743084906,0.0,,,,,
1005,34.03395676612854,412,-24,226.65679637193665,-30.349083226002517,,,,,
1006,34.065746784210205,412,-24,226.63009275674804,0.0,,,,,
1007,34.097723960876465,412,-24,226.60323192834838,0.0,,,,,
1008,34.12972664833069,413,-26,226.57410948276504,-31.24737575337669,,,,,
1009,34.16102385520935,413,-26,226.54562902450544,0.0,,,,,
1010,34.19303750991821,413,-26,226.51649659872038,0.0,,,,,
1011,34.22581505775452,413,-26,226.48666903018935,0.0,,,,,
1012,34.25386691093445,414,-28,226.459178214073,-35.64826871100988,,,,,
1013,34.285887002944946,414,-28,226.4277985239027,0.0,,,,,
1014,34.31804800033569,414,-28,226.39628074645978,0.0,,,,,
1015,34.37552738189697,414,-28,226.33995095252973,0.0,,,,,
1016,34.40726971626282,414,-28,226.3088434648512,0.0,,,,,
1017,34.43924689292908,414,-28,226.2775058317183,0.0,,,,,
1018,34.47116684913635,414,-28,226.24622427463515,0.0,,,,,
1019,34.50255727767944,414,-28,226.21546165466293,0.0,,,,,
1020,34.52857232093811,414,-28,226.18996691226943,0.0,,,,,
1021,34.56071996688843,413,-26,226.16071255445465,31.10647670891521,,,,,
1022,34.59255313873291,413,-26,226.13174436807617,0.0,,,,,
1023,34.62472438812256,413,-26,226.1024685311316,0.0,,,,,
1024,34.656726360321045,414,-28,226.07110659837707,-31.24807414360854,,,,,
1025,34.68856692314148,414,-28,226.03990284681305,0.0,,,,,
1026,34.72061014175415,414,-28,226.00850049257264,0.0,,,,,
1027,34.77514600753784,414,-28,225.9550553441046,0.0,,,,,
1028,34.80201053619385,414,-28,225.9287281060217,0.0,,,,,
1029,34.835139751434326,414,-28,225.89626147508605,0.0,,,,,
1030,34.8656120300293,414,-28,225.866398642063,0.0,,,,,
1031,34.89788508415222,414,-28,225.83477104902252,0.0,,,,,
1032,34.93007850646973,414,-28,225.80322149515138,0.0,,,,,
1033,34.963106870651245,413,-26,225.77316568374619,30.277006590582612,,,,,
1034,34.9936261177063,413,-26,225.74539316892609,0.0,,,,,
1035,35.02604055404663,413,-26,225.71589603185637,0.0,,,,,
1036,35.05808424949646,413,-26,225.68673626899704,0.0,,,,,
1037,35.08984851837158,413,-26,225.65783078432068,0.0,,,,,
1038,35.137617349624634,412,-24,225.61770496606812,20.93415253772017,,,,,
1039,35.1696343421936,412,-24,225.59081069231019,0.0,,,,,
1040,35.20114517211914,412,-24,225.56434159517272,0.0,,,,,
1041,35.23387026786804,411,-22,225.53914327144608,30.55758820915204,,,,,
1042,35.26539444923401,411,-22,225.51486965179427,0.0,,,,,
1043,35.29787349700928,411,-22,225.48986078500732,0.0,,,,,
1044,35.32987689971924,410,-20,225.46745840311036,31.246677394362,,,,,
1045,35.361878871917725,410,-20,225.4450570225714,0.0,,,,,
1046,35.39317512512207,410,-20,225.42314964532835,0.0,,,,,
1047,35.425912857055664,410,-20,225.40023323297484,0.0,,,,,
1048,35.4579336643219,409,-18,225.38006012439712,31.229693607832917,,,,,
1049,35.50591158866882,409,-18,225.34983403205857,0.0,,,,,
1050,35.5377459526062,409,-18,225.32977838277802,0.0,,,,,
1051,35.5699028968811,408,-16,225.31177049398408,31.097482131735816,,,,,
1052,35.601192235946655,408,-16,225.29424846410737,0.0,,,,,
1053,35.63369917869568,408,-16,225.27604457616792,0.0,,,,,
1054,35.66570281982422,407,-14,225.26036279201494,31.246444614960552,,,,,
1055,35.6976957321167,407,-14,225.24468626499163,0.0,,,,,
1056,35.729710817337036,407,-14,225.22899887323365,0.0,,,,,
1057,35.761216163635254,407,-14,225.2135612535475,0.0,,,,,
1058,35.793904542922974,407,-14,225.19754394769652,0.0,,,,,
1059,35.822022438049316,408,-16,225.18179792642576,-35.564539788866746,,,,,
1060,35.85367441177368,408,-16,225.1640728211401,0.0,,,,,
1061,35.91172218322754,408,-16,225.13156606912594,0.0,,,,,
1062,35.94545245170593,408,-16,225.11267711877804,0.0,,,,,
1063,35.96974325180054,409,-18,225.09737391471845,-41.16784939587566,,,,,
1064,36.001240968704224,409,-18,225.07753035306914,0.0,,,,,
1065,36.03406524658203,409,-18,225.05685105800612,0.0,,,,,
1066,36.06704831123352,409,-18,225.03607172727567,0.0,,,,,
1067,36.09790253639221,409,-18,225.0166335654257,0.0,,,,,
1068,36.12991738319397,409,-18,224.9964642119406,0.0,,,,,
1069,36.16197633743286,410,-20,224.97402294397338,-31.192533372996692,,,,,
1070,36.19376564025879,410,-20,224.95177043199524,0.0,,,,,
1071,36.225995779037476,410,-20,224.92920933485016,0.0,,,,,
1072,36.279526233673096,410,-20,224.89173801660522,0.0,,,,,
1073,36.31111001968384,410,-20,224.8696293663977,0.0,,,,,
1074,36.34277105331421,409,-18,224.84968291521056,31.584565800174705,,,,,
1075,36.37477493286133,409,-18,224.8295204710959,0.0,,,,,
1076,36.40727496147156,409,-18,224.80904545307143,0.0,,,,,
1077,36.43526101112366,408,-16,224.79337326526627,35.732088395154285,,,,,
1078,36.46393132209778,408,-16,224.77731789112076,0.0,,,,,
1079,36.498793601989746,407,-14,224.7602353739737,28.684297271974998,,,,,
1080,36.53581094741821,406,-12,224.74468808889375,27.014362818976956,,,,,
1081,36.56730794906616,406,-12,224.7314593482016,0.0,,,,,
1082,36.59964179992676,405,-10,224.7201425004004,30.927340028609773,,,,,
1083,36.63150882720947,405,-10,224.70898904085146,0.0,,,,,
1084,36.67955470085144,405,-10,224.69217298507678,0.0,,,,,
1085,36.71141266822815,405,-10,224.68102269649492,0.0,,,,,
1086,36.74283289909363,405,-10,224.670025615692,0.0,,,,,
1087,36.77552652359009,405,-10,224.65858284711823,0.0,,,,,
1088,36.807539224624634,405,-10,224.64737840175613,0.0,,,,,
1089,36.83225178718567,405,-10,224.63872900485975,0.0,,,,,
1090,36.864869594573975,405,-10,224.62731277227385,0.0,,,,,
1091,36.89682126045227,406,-12,224.61389307260498,-31.29727269335522,,,,,
1092,36.92882466316223,406,-12,224.60045164346678,0.0,,,,,
1093,36.960951805114746,406,-12,224.58695824384674,0.0,,,,,
1094,36.99280834197998,406,-12,224.57357849836333,0.0,,,,,
1095,37.041348695755005,407,-14,224.54979372501356,-20.60141556929757,,,,,
1096,37.072365045547485,407,-14,224.53459571361523,0.0,,,,,
1097,37.10490107536316,408,-16,224.51637553691845,-30.73515747512201,,,,,
1098,37.137064695358276,408,-16,224.49836390972118,0.0,,,,,
1099,37.17008137702942,409,-18,224.47756340026837,-30.287719703643795,,,,,
1100,37.200379610061646,409,-18,224.45847551345807,0.0,,,,,
1101,37.23287320137024,409,-18,224.43800455093364,0.0,,,,,
1102,37.26493692398071,410,-20,224.4155599451063,-31.18789456073168,,,,,
1103,37.29694080352783,411,-22,224.39091695785504,-31.24621183902737,,,,,
1104,37.32887125015259,411,-22,224.36633051395398,0.0,,,,,
1105,37.36039686203003,412,-24,224.33984899997694,-31.720240796200503,,,,,
1106,37.392842292785645,412,-24,224.31259483814222,0.0,,,,,
1107,37.44741368293762,413,-26,224.26293487310392,-18.32462023076688,,,,,
1108,37.4795560836792,414,-28,224.23143532037716,-31.11155286874606,,,,,
1109,37.51192355155945,414,-28,224.1997152018545,0.0,,,,,
1110,37.544647455215454,414,-28,224.16764577627163,0.0,,,,,
1111,37.574912786483765,414,-28,224.1379857516287,0.0,,,,,
1112,37.60211992263794,414,-28,224.1113227581976,0.0,,,,,
1113,37.633431911468506,414,-28,224.08063700914363,0.0,,,,,
1114,37.66637563705444,414,-28,224.0483521580694,0.0,,,,,
1115,37.699542760849,414,-28,224.01584837675074,0.0,,,,,
1116,37.730159282684326,414,-28,223.9858441853521,0.0,,,,,
1117,37.76202178001404,413,-26,223.95684931278208,31.38485943684947,,,,,
1118,37.80993962287903,413,-26,223.91324407577494,0.0,,,,,
1119,37.84211254119873,413,-26,223.883966720104,0.0,,,,,
1120,37.87294816970825,412,-24,223.85806479215603,32.430018401967,,,,,
1121,37.902267932891846,412,-24,223.8334361910818,0.0,,,,,
1122,37.93495321273804,411,-22,223.80826852560023,30.5948122428734,,,,,
1123,37.97195887565613,411,-22,223.7797741651533,0.0,,,,,
1124,38.00481295585632,410,-20,223.75677630901316,30.437619738751813,,,,,
1125,38.0323121547699,410,-20,223.73752686977366,0.0,,,,,
1126,38.0634982585907,409,-18,223.71787962436656,32.06556374422801,,,,,
1127,38.096134662628174,408,-16,223.69960323810557,30.64063059311695,,,,,
1128,38.128135442733765,408,-16,223.68168280124644,0.0,,,,,
1129,38.17934226989746,407,-14,223.65659145593622,19.528645990958065,,,,,
1130,38.214988708496094,406,-12,223.6416199517248,28.053293381133287,,,,,
1131,38.24780583381653,405,-10,223.63013395786265,30.471895092447966,,,,,
1132,38.27427697181702,405,-10,223.6208690595625,0.0,,,,,
1133,38.311684131622314,404,-8,223.61039505481702,26.732850213834553,,,,,
1134,38.34300136566162,403,-6,223.60381843566876,31.9313001507377,,,,,
1135,38.37554621696472,403,-6,223.5969840168951,0.0,,,,,
1136,38.40152192115784,402,-4,223.59334741830807,38.49751262046811,,,,,
1137,38.43420433998108,401,-2,223.59105964899044,30.597490516486722,,,,,
1138,38.466228723526,400,0,223.59105964899044,31.22620607504467,,,,,
1139,38.49823594093323,399,2,223.59330015420895,31.242953340087002,,,,,
1140,38.530988931655884,399,2,223.59559286355955,0.0,,,,,
1141,38.584035873413086,398,4,223.60301943540554,18.851228117485785,,,,,
1142,38.61581373214722,397,6,223.6096927857397,31.468451300211576,,,,,
1143,38.6424503326416,397,6,223.61528647184352,0.0,,,,,
1144,38.67505931854248,396,8,223.62441698789576,30.666393706314157,,,,,
1145,38.70620393753052,396,8,223.6331374812124,0.0,,,,,
1146,38.73820996284485,396,8,223.6420991683004,0.0,,,,,
1147,38.7705192565918,396,8,223.65114577054956,0.0,,,,,
1148,38.80355191230774,396,8,223.66039491415003,0.0,,,,,
1149,38.83428144454956,396,8,223.66899918317773,0.0,,,,,
1150,38.866295337677,397,6,223.6757221007345,-31.236438380648814,,,,,
1151,38.89551758766174,397,6,223.6818587732313,0.0,,,,,
1152,38.95191550254822,397,6,223.69370233535747,0.0,,,,,
1153,38.98309564590454,397,6,223.7002501654623,0.0,,,,,
1154,39.01572632789612,398,4,223.70481846094114,-30.64600366790148,,,,,
1155,39.047579526901245,398,4,223.70927790880185,0.0,,,,,
1156,39.079912185668945,398,4,223.71380448102934,0.0,,,,,
1157,39.11233377456665,399,2,223.71607399225218,-30.843645669407145,,,,,
1158,39.143096685409546,399,2,223.71822739601117,0.0,,,,,
1159,39.17509984970093,400,0,223.71822739601117,-31.246910177231786,,,,,
1160,39.20061635971069,401,-2,223.7164412403105,-39.19031245328151,,,,,
1161,39.230124950408936,401,-2,223.71437563896163,0.0,,,,,
1162,39.26209473609924,402,-4,223.70989986896498,-31.279534047773527,,,,,
1163,39.29406237602234,403,-6,223.70318666458112,-31.281633627183364,,,,,
1164,39.34204459190369,403,-6,223.69311039924605,0.0,,,,,
1165,39.382527112960815,403,-6,223.68460906982406,0.0,,,,,
1166,39.41552138328552,404,-8,223.67537067413315,-30.308292626528313,,,,,
1167,39.447627544403076,404,-8,223.66638094902024,0.0,,,,,
1168,39.47913599014282,404,-8,223.65755858421312,0.0,,,,,
1169,39.51114010810852,404,-8,223.64859743118274,0.0,,,,,
1170,39.54414629936218,404,-8,223.63935569763171,0.0,,,,,
1171,39.57585406303406,404,-8,223.6304775238036,0.0,,,,,
1172,39.60766077041626,404,-8,223.62157164573657,0.0,,,,,
1173,39.64018130302429,404,-8,223.61246589660632,0.0,,,,,
1174,39.66612005233765,404,-8,223.60520304679858,0.0,,,,,
1175,39.72009038925171,404,-8,223.59009135246265,0.0,,,,,
1176,39.75220274925232,403,-6,223.5833477568625,31.14065736622887,,,,,
1177,39.78518009185791,403,-6,223.57642251491532,0.0,,,,,
1178,39.81592679023743,403,-6,223.56996570825564,0.0,,,,,
1179,39.847883224487305,403,-6,223.56325485706316,0.0,,,,,
1180,39.87319850921631,402,-4,223.55971071720109,39.50182708608024,,,,,
1181,39.906363010406494,402,-4,223.55506768703447,0.0,,,,,
1182,39.93731474876404,401,-2,223.55290106534943,32.30836305374323,,,,,
1183,39.969265937805176,401,-2,223.55066448211656,0.0,,,,,
1184,40.001347064971924,401,-2,223.5484188032149,0.0,,,,,
1185,40.03319978713989,401,-2,223.54618911266314,0.0,,,,,
1186,40.062150955200195,401,-2,223.54416253089892,0.0,,,,,
1187,40.11972427368164,401,-2,223.5401323986052,0.0,,,,,
1188,40.1462128162384,401,-2,223.53827820062622,0.0,,,,,
1189,40.18321681022644,401,-2,223.53568792104707,0.0,,,,,
1190,40.2098114490509,401,-2,223.53382629632935,0.0,,,,,
1191,40.24250841140747,401,-2,223.5315375089644,0.0,,,,,
1192,40.274226665496826,402,-4,223.5270969533919,-31.527586517934996,,,,,
1193,40.3064923286438,402,-4,223.5225797605513,0.0,,,,,
1194,40.3384575843811,402,-4,223.51810462474808,0.0,,,,,
1195,40.370237827301025,402,-4,223.51365539073927,0.0,,,,,
1196,40.40247845649719,402,-4,223.50914170265182,0.0,,,,,
1197,40.43420886993408,402,-4,223.50469944477067,0.0,,,,,
1198,40.481764793395996,402,-4,223.498041615486,0.0,,,,,
1199,40.51383090019226,401,-2,223.49579698801026,31.185575671958066,,,,,
1200,40.54664063453674,401,-2,223.49350030660614,0.0,,,,,
1201,40.57782959938049,401,-2,223.49131707906707,0.0,,,,,
1202,40.610265493392944,401,-2,223.4890465664862,0.0,,,,,
1203,40.64246940612793,401,-2,223.48679229259474,0.0,,,,,
1204,40.67426013946533,402,-4,223.4823415899275,-31.45570721463927,,,,,
1205,40.71231651306152,402,-4,223.47701369762405,0.0,,,,,
1206,40.737295627593994,402,-4,223.4735166215895,0.0,,,,,
1207,40.775299072265625,402,-4,223.46819613933548,0.0,,,,,
1208,40.80259585380554,402,-4,223.46437458991988,0.0,,,,,
1209,40.85651755332947,403,-6,223.45305103301985,-18.545409525830813,,,,,
1210,40.88998532295227,403,-6,223.44602280139907,0.0,,,,,
1211,40.91995930671692,403,-6,223.43972826480848,0.0,,,,,
1212,40.95130634307861,403,-6,223.43314538717252,0.0,,,,,
1213,40.978675842285156,403,-6,223.42739779233915,0.0,,,,,
1214,41.01190161705017,403,-6,223.4204203796385,0.0,,,,,
1215,41.04281187057495,404,-8,223.41176550865157,-32.35172429751556,,,,,
1216,41.074732542037964,404,-8,223.40282772064194,0.0,,,,,
1217,41.1063232421875,404,-8,223.39398232460007,0.0,,,,,
1218,41.138575077056885,404,-8,223.38495181083664,0.0,,,,,
1219,41.17051982879639,404,-8,223.37600728034957,0.0,,,,,
1220,41.20283031463623,404,-8,223.3669603443144,0.0,,,,,
1221,41.255831241607666,405,-10,223.3484100198744,-18.86759453356245,,,,,
1222,41.281365394592285,405,-10,223.3394730663298,0.0,,,,,
1223,41.31334853172302,405,-10,223.32827896833402,0.0,,,,,
1224,41.34538507461548,404,-8,223.31930873632413,31.214354287755544,,,,,
1225,41.37741184234619,404,-8,223.31034124135954,0.0,,,,,
1226,41.409372091293335,404,-8,223.30139237165434,0.0,,,,,
1227,41.4413857460022,404,-8,223.29242854833586,0.0,,,,,
1228,41.473352909088135,403,-6,223.28571544408783,31.282100238663485,,,,,
1229,41.50551962852478,403,-6,223.27896043300612,0.0,,,,,
1230,41.537614583969116,402,-4,223.2744671392439,31.157544422654066,,,,,
1231,41.56934070587158,402,-4,223.27002548217757,0.0,,,,,
1232,42.75763726234436,402,-4,223.1036639642714,0.0,,,,,
1233,44.27290201187134,411,-22,221.93691010713562,-5.939556109128483,,,,,
