,Time,Position,P,I,kp,ki,Setpoint,Pixel Lenght
0,0.0,13,312.9,0.0,0.7,1e-06,460.0,640.0
1,0.014000177383422852,13,312.9,6.258079290390014e-06,,,,
2,0.03713870048522949,13,312.9,1.6600999116897584e-05,,,,
3,0.06778740882873535,13,312.9,3.0300971746444702e-05,,,,
4,0.09997224807739258,13,312.9,4.468759489059448e-05,,,,
5,0.12795639038085938,13,312.9,5.7196506500244143e-05,,,,
6,0.1602017879486084,13,312.9,7.161019921302796e-05,,,,
7,0.19796085357666016,13,312.9,8.84885015487671e-05,,,,
8,0.22977399826049805,13,312.9,0.00010270897722244263,,,,
9,0.2831077575683594,13,312.9,0.00012654916763305666,,,,
10,0.3081495761871338,13,312.9,0.00013774286055564882,,,,
11,0.3407168388366699,13,312.9,0.00015230042695999147,,,,
12,0.37250709533691406,13,312.9,0.0001665106716156006,,,,
13,0.40496110916137695,13,312.9,0.0001810176157951355,,,,
14,0.43596434593200684,13,312.9,0.00019487606263160706,,,,
15,0.4680156707763672,13,312.9,0.00020920300483703614,,,,
16,0.5005528926849365,13,312.9,0.00022374714303016662,,,,
17,0.5319592952728271,13,312.9,0.00023778580498695374,,,,
18,0.5639591217041016,13,312.9,0.0002520897274017334,,,,
19,0.596808910369873,13,312.9,0.00026677358293533324,,,,
20,0.6527814865112305,13,312.9,0.00029179332447052,,,,
21,0.6841020584106445,13,312.9,0.00030579362010955805,,,,
22,0.715792179107666,13,312.9,0.00031995910406112666,,,,
23,0.7477741241455078,13,312.9,0.00033425503349304193,,,,
24,0.7725751399993896,13,312.9,0.0003453410875797271,,,,
25,0.8119609355926514,13,312.9,0.00036294653820991506,,,,
26,0.8449661731719971,13,312.9,0.00037769987940788256,,,,
27,0.8757948875427246,13,312.9,0.00039148031473159776,,,,
28,0.9045863151550293,13,312.9,0.00040435008287429796,,,,
29,0.9341220855712891,13,312.9,0.0004175525722503661,,,,
30,0.9699773788452148,13,312.9,0.0004335798883438109,,,,
31,1.0037076473236084,13,312.9,0.00044865731835365283,,,,
32,1.0458850860595703,13,312.9,0.0004675106334686278,,,,
33,1.0769786834716797,13,312.9,0.00048140947151184066,,,,
34,1.1097757816314697,13,312.9,0.0004960697743892668,,,,
35,1.1418843269348145,13,312.9,0.000510422294139862,,,,
36,1.173966884613037,13,312.9,0.0005247631974220274,,,,
37,1.2060375213623047,13,312.9,0.0005390987720489501,,,,
38,1.237947940826416,13,312.9,0.0005533627295494078,,,,
39,1.2697808742523193,13,312.9,0.0005675920507907866,,,,
40,1.3009791374206543,13,312.9,0.0005815376744270324,,,,
41,1.333946943283081,13,312.9,0.0005962742836475371,,,,
42,1.3659124374389648,13,312.9,0.0006105628595352172,,,,
43,1.4139668941497803,13,312.9,0.0006320432016849517,,,,
44,1.4459431171417236,13,312.9,0.0006463365733623504,,,,
45,1.477949857711792,13,312.9,0.000660643586397171,,,,
46,1.50978422164917,13,312.9,0.0006748735470771789,,,,
47,1.5418133735656738,13,312.9,0.0006891905779838561,,,,
48,1.5738813877105713,13,312.9,0.0007035249803066252,,,,
49,1.6059613227844238,13,312.9,0.0007178647112846373,,,,
50,1.6379482746124268,14,312.2,0.0007321308917999267,,,,
51,1.6697793006896973,14,312.2,0.0007463275294303893,,,,
52,1.7019178867340088,14,312.2,0.0007606613388061522,,,,
53,1.7338788509368896,15,311.5,0.0007748839678764342,,,,
54,1.7606441974639893,15,311.5,0.0007867945470809935,,,,
55,1.819962501525879,15,311.5,0.0008131911923885344,,,,
56,1.8458187580108643,15,311.5,0.0008246972265243529,,,,
57,1.876962423324585,16,310.79999999999995,0.0008385250139236449,,,,
58,1.9096333980560303,16,310.79999999999995,0.0008530309267044066,,,,
59,1.9409632682800293,17,310.09999999999997,0.0008669100592136381,,,,
60,1.9739494323730469,18,309.4,0.000881489943742752,,,,
61,2.005920648574829,18,309.4,0.0008956212213039397,,,,
62,2.037947416305542,19,308.7,0.000909745025873184,,,,
63,2.0697896480560303,20,308.0,0.0009237556078433988,,,,
64,2.10203218460083,21,307.29999999999995,0.0009379100813865659,,,,
65,2.1339261531829834,21,307.29999999999995,0.0009519115335941312,,,,
66,2.181779146194458,22,306.59999999999997,0.0009728711445331571,,,,
67,2.209537982940674,22,306.59999999999997,0.0009850295150279995,,,,
68,2.2416164875030518,23,305.9,0.0009990478215217587,,,,
69,2.273571252822876,24,305.2,0.001012980099201202,,,,
70,2.304791212081909,26,303.79999999999995,0.0010265295615196224,,,,
71,2.337496757507324,27,303.09999999999997,0.001040691062688827,,,,
72,2.3695881366729736,29,301.7,0.001054522447109222,,,,
73,2.40567946434021,30,301.0,0.0010700417180061336,,,,
74,2.4410629272460938,32,299.59999999999997,0.0010851858401298518,,,,
75,2.472794771194458,34,298.2,0.001098703605651855,,,,
76,2.505074977874756,37,296.09999999999997,0.001112358133077621,,,,
77,2.5531606674194336,39,294.7,0.0011326022083759301,,,,
78,2.5849688053131104,41,293.29999999999995,0.0011459298181533807,,,,
79,2.6171531677246094,43,291.9,0.0011593506972789758,,,,
80,2.6489641666412354,46,289.79999999999995,0.001172520450830459,,,,
81,2.681020498275757,48,288.4,0.0011857276594638819,,,,
82,2.712780475616455,51,286.29999999999995,0.0011987174901962275,,,,
83,2.7445714473724365,54,284.2,0.0012116246247291561,,,,
84,2.77706241607666,57,282.09999999999997,0.0012247184851169582,,,,
85,2.8089635372161865,59,280.7,0.0012375108346939082,,,,
86,2.8439507484436035,62,278.59999999999997,0.00125143574476242,,,,
87,2.8760011196136475,65,276.5,0.0012640956413745874,,,,
88,2.900944471359253,68,274.4,0.0012738734352588648,,,,
89,2.955814838409424,71,272.29999999999995,0.0012952180080413813,,,,
90,2.9879848957061768,74,270.2,0.0013076356501579278,,,,
91,3.0199837684631348,77,268.09999999999997,0.0013198912184238427,,,,
92,3.0458788871765137,80,266.0,0.0013297313635349268,,,,
93,3.077477216720581,84,263.2,0.0013416123354434962,,,,
94,3.109787702560425,87,261.09999999999997,0.001353664146661758,,,,
95,3.147966146469116,90,259.0,0.0013677901709079738,,,,
96,3.172553062438965,94,256.2,0.0013767889821529383,,,,
97,3.2045726776123047,97,254.1,0.0013884121024608607,,,,
98,3.2359654903411865,101,251.29999999999998,0.0013996821222305293,,,,
99,3.268540620803833,104,249.2,0.0014112788686752313,,,,
100,3.3240559101104736,108,246.39999999999998,0.0014308202505111688,,,,
101,3.34979510307312,112,243.6,0.00143977748966217,,,,
102,3.380966901779175,115,241.49999999999997,0.0014505317602157587,,,,
103,3.41384220123291,119,238.7,0.0014617422373294825,,,,
104,3.4459121227264404,123,235.89999999999998,0.0014725498008728022,,,,
105,3.476966142654419,126,233.79999999999998,0.001482921843528747,,,,
106,3.5097858905792236,130,230.99999999999997,0.0014937523603439325,,,,
107,3.541928768157959,133,228.89999999999998,0.001504263081312179,,,,
108,3.573978900909424,137,226.1,0.0015146152741909022,,,,
109,3.6060404777526855,140,224.0,0.001524874978780746,,,,
110,3.637967824935913,144,221.2,0.0015349640204906458,,,,
111,3.6698484420776367,147,219.1,0.0015449426536560053,,,,
112,3.7179555892944336,151,216.29999999999998,0.0015598077621459955,,,,
113,3.74979567527771,154,214.2,0.001569550828456878,,,,
114,3.781733989715576,158,211.39999999999998,0.0015791961994171136,,,,
115,3.81390118598938,162,208.6,0.001588782023906707,,,,
116,3.8459386825561523,165,206.5,0.001598233085393905,,,,
117,3.877974271774292,169,203.7,0.0016075554418563836,,,,
118,3.9097814559936523,172,201.6,0.0016167159109115594,,,,
119,3.9418392181396484,176,198.79999999999998,0.0016258203153610223,,,,
120,3.9740476608276367,180,196.0,0.001634838679313659,,,,
121,4.0060577392578125,183,193.89999999999998,0.0016437054710388176,,,,
122,4.037917852401733,186,191.79999999999998,0.001652435142040252,,,,
123,4.090688705444336,190,189.0,0.0016666832723617546,,,,
124,4.117954254150391,193,186.89999999999998,0.0016739631738662713,,,,
125,4.149797201156616,197,184.1,0.0016823378689289085,,,,
126,4.181866645812988,200,182.0,0.0016906759245395653,,,,
127,4.213832855224609,203,179.89999999999998,0.001698891240358352,,,,
128,4.2458789348602295,206,177.79999999999998,0.0017070309445857996,,,,
129,4.277956247329712,209,175.7,0.0017150823500156397,,,,
130,4.309934139251709,212,173.6,0.001723012867212295,,,,
131,4.340982675552368,215,171.5,0.0017306197586059563,,,,
132,4.3739635944366455,219,168.7,0.0017385681600570672,,,,
133,4.405996084213257,222,166.6,0.0017461918926239008,,,,
134,4.437782049179077,541,-56.699999999999996,0.0017436172294616693,,,,
135,4.492478847503662,541,-56.699999999999996,0.0017391867887973779,,,,
136,4.51596999168396,232,159.6,0.0017445427696704857,,,,
137,4.547797441482544,235,157.5,0.001751703945875167,,,,
138,4.58053994178772,238,155.39999999999998,0.0017589727809429162,,,,
139,4.61196756362915,241,153.29999999999998,0.0017658554301261894,,,,
140,4.644485712051392,244,151.2,0.0017728793501853935,,,,
141,4.675982475280762,246,149.79999999999998,0.0017796196575164786,,,,
142,4.707806587219238,249,147.7,0.0017863345451354972,,,,
143,4.742969751358032,251,146.29999999999998,0.0017936836464405052,,,,
144,4.780416250228882,253,144.89999999999998,0.001801435071706771,,,,
145,4.811824798583984,256,142.79999999999998,0.001807842415571212,,,,
146,4.860347747802734,258,141.39999999999998,0.0018176440513133995,,,,
147,4.892322778701782,259,140.7,0.001824071032524108,,,,
148,4.923970937728882,261,139.29999999999998,0.0018303690161705008,,,,
149,4.9528045654296875,263,137.89999999999998,0.0018360492408275595,,,,
150,4.98098349571228,264,137.2,0.0018415723111629477,,,,
151,5.013665437698364,266,135.79999999999998,0.001847912607908248,,,,
152,5.046048641204834,268,134.39999999999998,0.0018541301829814903,,,,
153,5.077970743179321,269,133.7,0.0018602273044586173,,,,
154,5.110007286071777,271,132.29999999999998,0.0018662822110652915,,,,
155,5.141998767852783,541,-56.699999999999996,0.00186369090104103,,,,
156,5.173923492431641,541,-56.699999999999996,0.0018611049983501427,,,,
157,5.221970558166504,541,-56.699999999999996,0.0018572131860256189,,,,
158,5.253911256790161,541,-56.699999999999996,0.0018546259894371027,,,,
159,5.285923719406128,541,-56.699999999999996,0.0018520329799652094,,,,
160,5.316984176635742,541,-56.699999999999996,0.0018495170829296106,,,,
161,5.3501458168029785,541,-56.699999999999996,0.0018468309900760646,,,,
162,5.381875991821289,541,-56.699999999999996,0.0018442608458995814,,,,
163,5.414016008377075,541,-56.699999999999996,0.0018416575045585627,,,,
164,5.445963144302368,541,-56.699999999999996,0.001839069786548614,,,,
165,5.47697114944458,288,120.39999999999999,0.0018444031634330745,,,,
166,5.509807109832764,289,119.69999999999999,0.001850018112659454,,,,
167,5.542013883590698,290,118.99999999999999,0.001855493264198303,,,,
168,5.573911905288696,291,118.3,0.0018608840298652647,,,,
169,5.627970218658447,291,118.3,0.0018700198848247526,,,,
170,5.659984588623047,291,118.3,0.0018754303133487699,,,,
171,5.68498682975769,291,118.3,0.0018796556921005247,,,,
172,5.716986894607544,292,117.6,0.0018850317029953001,,,,
173,5.749791145324707,292,117.6,0.0018905428171157835,,,,
174,5.781824350357056,293,116.89999999999999,0.0018958923623561858,,,,
175,5.812973737716675,293,116.89999999999999,0.0019010943100452422,,,,
176,5.845940351486206,293,116.89999999999999,0.001906599734544754,,,,
177,5.8775928020477295,292,117.6,0.0019119173462390899,,,,
178,5.909801721572876,292,117.6,0.0019173284447193146,,,,
179,5.941960096359253,292,117.6,0.001922731051683426,,,,
180,5.996407508850098,292,117.6,0.001931878216981888,,,,
181,6.01997184753418,292,117.6,0.0019358370258808137,,,,
182,6.052450895309448,293,116.89999999999999,0.0019412610268592836,,,,
183,6.083970785140991,292,117.6,0.0019465563683509829,,,,
184,6.11657977104187,293,116.89999999999999,0.0019520020689964297,,,,
185,6.148806571960449,292,117.6,0.001957416171550751,,,,
186,6.187811613082886,292,117.6,0.0019639690184593203,,,,
187,6.219478130340576,292,117.6,0.0019692889933586124,,,,
188,6.25234580039978,292,117.6,0.001974810761928559,,,,
189,6.284408092498779,291,118.3,0.00198022928929329,,,,
190,6.3097898960113525,291,118.3,0.001984518814086915,,,,
191,6.340936183929443,291,118.3,0.0019897825367450723,,,,
192,6.389893293380737,290,118.99999999999999,0.0019981052453517923,,,,
193,6.421941041946411,289,119.69999999999999,0.0020035854103565226,,,,
194,6.453962326049805,289,119.69999999999999,0.002009061049938203,,,,
195,6.4859607219696045,288,120.39999999999999,0.0020145647740364083,,,,
196,6.516984701156616,287,121.1,0.0020199319224357614,,,,
197,6.549803018569946,287,121.1,0.0020256094913482675,,,,
198,6.581928491592407,286,121.8,0.0020311993236541755,,,,
199,6.608972549438477,285,122.49999999999999,0.002035932033777238,,,,
200,6.640481948852539,285,122.49999999999999,0.002041446178674699,,,,
201,6.672972917556763,284,123.19999999999999,0.0020471645891666423,,,,
202,6.705004930496216,283,123.89999999999999,0.0020528342554569255,,,,
203,6.76296854019165,282,124.6,0.002063151777982713,,,,
204,6.795790433883667,281,125.3,0.002069026896953584,,,,
205,6.827986478805542,280,125.99999999999999,0.0020748221850395215,,,,
206,6.850985765457153,279,126.69999999999999,0.002078985055923463,,,,
207,6.882974624633789,278,127.39999999999999,0.0020848070282936107,,,,
208,6.914920091629028,277,128.1,0.0020906530487537394,,,,
209,6.9441728591918945,276,128.79999999999998,0.002096035557985307,,,,
210,6.9889748096466064,275,129.5,0.0021043239188194285,,,,
211,7.02043342590332,274,130.2,0.0021101752214431773,,,,
212,7.0525572299957275,273,130.9,0.0021161823728084576,,,,
213,7.083993196487427,271,132.29999999999998,0.002122123770475389,,,,
214,7.11268949508667,270,133.0,0.002127576067209245,,,,
215,7.155975103378296,269,133.7,0.0021358436183929455,,,,
216,7.1878111362457275,268,134.39999999999998,0.0021419561367034923,,,,
217,7.220607042312622,267,135.1,0.0021482857465744028,,,,
218,7.2526209354400635,266,135.79999999999998,0.0021544964418411263,,,,
219,7.283989191055298,265,136.5,0.002160613251686097,,,,
220,7.316483974456787,263,137.89999999999998,0.0021670147240161904,,,,
221,7.347811460494995,262,138.6,0.0021732175662517554,,,,
222,7.380654811859131,261,139.29999999999998,0.0021797533931732184,,,,
223,7.412490129470825,260,140.0,0.0021861204566955574,,,,
224,7.444596290588379,258,141.39999999999998,0.002192605901241303,,,,
225,7.476562976837158,256,142.79999999999998,0.002199127105236054,,,,
226,7.5246641635894775,255,143.5,0.0022089878485202796,,,,
227,7.55597710609436,253,144.89999999999998,0.00221546962761879,,,,
228,7.587805271148682,252,145.6,0.002222089885950089,,,,
229,7.620661020278931,250,147.0,0.002228989593267441,,,,
230,7.652551174163818,248,148.39999999999998,0.002235750305891037,,,,
231,7.6839776039123535,247,149.1,0.0022424441354274753,,,,
232,7.7159764766693115,246,149.79999999999998,0.0022492918941974644,,,,
233,7.748794078826904,244,151.2,0.0022563804962635044,,,,
234,7.780632495880127,243,151.89999999999998,0.0022632894327640537,,,,
235,7.812605142593384,241,153.29999999999998,0.002270291442394257,,,,
236,7.843940258026123,239,154.7,0.002277216502904892,,,,
237,7.891978025436401,237,156.1,0.002287928925037384,,,,
238,7.924577236175537,235,157.5,0.0022952637474536897,,,,
239,7.952937126159668,233,158.89999999999998,0.0023017014424800875,,,,
240,7.983805179595947,231,160.29999999999998,0.0023087702267169954,,,,
241,8.01596474647522,230,161.0,0.002316166927099228,,,,
242,8.047993421554565,228,162.39999999999998,0.002323597579717636,,,,
243,8.079993486404419,226,163.79999999999998,0.0023310855948925017,,,,
244,8.111977100372314,224,165.2,0.002338633727788925,,,,
245,8.143773317337036,222,166.6,0.002346201227426529,,,,
246,8.176565170288086,220,168.0,0.002354071272134781,,,,
247,8.207976341247559,218,169.39999999999998,0.0023616727755069733,,,,
248,8.240463972091675,216,170.79999999999998,0.0023695997574329376,,,,
249,8.299997329711914,214,172.2,0.0023842449634075163,,,,
250,8.332255363464355,211,174.29999999999998,0.0023922772138118744,,,,
251,8.356979370117188,209,175.7,0.0023984829394817354,,,,
252,8.38981580734253,207,177.1,0.0024067905580997468,,,,
253,8.420981407165527,205,178.5,0.0024147377860546113,,,,
254,8.453600406646729,203,179.89999999999998,0.00242312086892128,,,,
255,8.48597764968872,201,181.29999999999998,0.002431506574869156,,,,
256,8.517985582351685,200,182.0,0.0024398286373615266,,,,
257,8.549799680709839,198,183.39999999999998,0.002448163931131363,,,,
258,8.58195161819458,196,184.79999999999998,0.002456652042627335,,,,
259,8.613943576812744,194,186.2,0.0024651619036197667,,,,
260,8.661982774734497,192,187.6,0.0024780364086627966,,,,
261,8.693967819213867,190,189.0,0.0024866723706722265,,,,
262,8.725901365280151,188,190.39999999999998,0.002495358295202256,,,,
263,8.7542142868042,186,191.79999999999998,0.002503116035699845,,,,
264,8.78582763671875,184,193.2,0.002511841320276261,,,,
265,8.817935228347778,182,194.6,0.002520767230749131,,,,
266,8.850245714187622,180,196.0,0.002529814166784287,,,,
267,8.882256984710693,178,197.39999999999998,0.002538841345071793,,,,
268,8.914264917373657,176,198.79999999999998,0.002547931597948075,,,,
269,8.945757865905762,174,200.2,0.002556938581228257,,,,
270,8.978266954421997,172,201.6,0.0025663011987209325,,,,
271,9.0101957321167,170,203.0,0.002575560544252396,,,,
272,9.05798053741455,169,203.7,0.0025894659225940706,,,,
273,9.089967012405396,167,205.1,0.002598837959766388,,,,
274,9.122315883636475,165,206.5,0.0026083808767795565,,,,
275,9.162964820861816,164,207.2,0.0026204129621982576,,,,
276,9.196354627609253,162,208.6,0.002630363124608994,,,,
277,9.221967458724976,160,210.0,0.0026380469739437106,,,,
278,9.253907203674316,158,211.39999999999998,0.0026476927769184117,,,,
279,9.285982131958008,156,212.79999999999998,0.002657443555116654,,,,
280,9.317986726760864,154,214.2,0.0026672369611263277,,,,
281,9.349733114242554,153,214.89999999999998,0.0026769831020832064,,,,
282,9.381989240646362,151,216.29999999999998,0.002686950245141983,,,,
283,9.435815811157227,149,217.7,0.002703690308570862,,,,
284,9.460502624511719,148,218.39999999999998,0.0027113925943374633,,,,
285,9.492094278335571,146,219.79999999999998,0.002721312373638153,,,,
286,9.524003028869629,145,220.5,0.0027313636300563813,,,,
287,9.556676626205444,144,221.2,0.002741688486814499,,,,
288,9.587815523147583,143,221.89999999999998,0.0027515595171451568,,,,
289,9.619972229003906,141,223.29999999999998,0.002761817506313324,,,,
290,9.652003288269043,140,224.0,0.0027720674452781677,,,,
291,9.68455982208252,139,224.7,0.0027825180926322936,,,,
292,9.716580152511597,138,225.39999999999998,0.0027928286390304564,,,,
293,9.747815132141113,137,226.1,0.0028029175374507903,,,,
294,9.780521392822266,135,227.49999999999997,0.002813547072172165,,,,
295,9.835825443267822,134,228.2,0.0028315761926174165,,,,
296,9.860607862472534,133,228.89999999999998,0.002839680043697357,,,,
297,9.898995399475098,131,230.29999999999998,0.0028523095433712004,,,,
298,9.92586088180542,130,230.99999999999997,0.0028611751525402067,,,,
299,9.957037925720215,129,231.7,0.002871494754076004,,,,
300,9.98994755744934,128,232.39999999999998,0.002882420751810074,,,,
301,10.019973754882812,128,232.39999999999998,0.0028923894493579866,,,,
302,10.04867434501648,127,233.1,0.0029019467458724977,,,,
303,10.085990905761719,127,233.1,0.0029143731606006626,,,,
304,10.124698162078857,126,233.79999999999998,0.0029273013842105867,,,,
305,10.14982557296753,126,233.79999999999998,0.002935693939447403,,,,
306,10.197994709014893,126,233.79999999999998,0.0029517824308872226,,,,
307,10.229823350906372,125,234.49999999999997,0.002962445025920868,,,,
308,10.260987758636475,125,234.49999999999997,0.0029728851025104526,,,,
309,10.293977737426758,125,234.49999999999997,0.0029839367454051976,,,,
310,10.325988292694092,125,234.49999999999997,0.0029946602814197544,,,,
311,10.356987953186035,124,235.2,0.0030050761673450473,,,,
312,10.389803171157837,124,235.2,0.0030161020805835725,,,,
313,10.422081470489502,124,235.2,0.003026947589159012,,,,
314,10.45397400856018,123,235.89999999999998,0.0030376953744888305,,,,
315,10.484988689422607,123,235.89999999999998,0.0030481473219394683,,,,
316,10.517213821411133,122,236.6,0.00305903941655159,,,,
317,10.570876598358154,122,236.6,0.0030771774351596834,,,,
318,10.59715986251831,122,236.6,0.003086061178445816,,,,
319,10.628039598464966,122,236.6,0.0030964985291957853,,,,
320,10.668007373809814,122,236.6,0.003110007637262344,,,,
321,10.693905591964722,122,236.6,0.0031187612349987026,,,,
322,10.725958585739136,122,236.6,0.0031295951468944547,,,,
323,10.757994413375854,123,235.89999999999998,0.0031403912208080287,,,,
324,10.789820671081543,123,235.89999999999998,0.0031511166696548457,,,,
325,10.8219575881958,123,235.89999999999998,0.0031619468107223505,,,,
326,10.854004383087158,123,235.89999999999998,0.003172746580600738,,,,
327,10.885974407196045,124,235.2,0.0031834885087013236,,,,
328,10.917940378189087,124,235.2,0.0031942290749549856,,,,
329,10.971851110458374,125,234.49999999999997,0.0032122891702651966,,,,
330,10.996577978134155,125,234.49999999999997,0.0032205726709365833,,,,
331,11.02798342704773,126,233.79999999999998,0.0032310620908737172,,,,
332,11.06052041053772,127,233.1,0.003241896906375884,,,,
333,11.091996192932129,127,233.1,0.003252378341913222,,,,
334,11.131990194320679,127,233.1,0.003265696344375609,,,,
335,11.163976669311523,128,232.39999999999998,0.0032763158540725693,,,,
336,11.195826768875122,128,232.39999999999998,0.003286890087127684,,,,
337,11.227991819381714,129,231.7,0.0032975367188453663,,,,
338,11.260348796844482,130,230.99999999999997,0.0033082145214080798,,,,
339,11.292189121246338,131,230.29999999999998,0.0033186899881362903,,,,
340,11.340309143066406,132,229.6,0.003334473355293273,,,,
341,11.372355222702026,133,228.89999999999998,0.0033449524233341204,,,,
342,11.40216326713562,134,228.2,0.003354669845819472,,,,
343,11.429825067520142,136,226.79999999999998,0.003363632269144057,,,,
344,11.462146997451782,137,226.1,0.0033740722525119767,,,,
345,11.493941068649292,138,225.39999999999998,0.003384309943437575,,,,
346,11.52599573135376,140,224.0,0.0033945674355030046,,,,
347,11.553812742233276,141,223.29999999999998,0.0034034410619735705,,,,
348,11.596805334091187,142,222.6,0.003417112706184386,,,,
349,11.62797737121582,144,221.2,0.0034269630699157705,,,,
350,11.652580976486206,145,220.5,0.003434713205575942,,,,
351,11.683956623077393,147,219.1,0.0034445337829589833,,,,
352,11.732897758483887,149,217.7,0.003459754476070403,,,,
353,11.764620304107666,150,217.0,0.0034695884652137746,,,,
354,11.796596050262451,152,215.6,0.0034794369950294484,,,,
355,11.828078985214233,154,214.2,0.003489070773124694,,,,
356,11.860488891601562,155,213.5,0.003498955794572829,,,,
357,11.899996519088745,157,212.1,0.0035109266057014453,,,,
358,11.925901174545288,158,211.39999999999998,0.0035187498116493214,,,,
359,11.957805871963501,160,210.0,0.003528321220874785,,,,
360,11.989184379577637,161,209.29999999999998,0.0035377033946514115,,,,
361,12.022005081176758,163,207.89999999999998,0.0035474511430263504,,,,
362,12.053993225097656,164,207.2,0.0035569196336269365,,,,
363,12.108995914459229,166,205.79999999999998,0.0035730904242992387,,,,
364,12.140554666519165,167,205.1,0.0035823371386528,,,,
365,12.164007902145386,169,203.7,0.00358916203022003,,,,
366,12.204373598098755,171,202.29999999999998,0.0036008277163505535,,,,
367,12.229816675186157,173,200.89999999999998,0.003608129879474638,,,,
368,12.26186752319336,174,200.2,0.0036172964220046976,,,,
369,12.293952703475952,176,198.79999999999998,0.003626408613204954,,,,
370,12.325944423675537,178,197.39999999999998,0.003635430278301237,,,,
371,12.357982397079468,180,196.0,0.0036444009108543376,,,,
372,12.389284133911133,181,195.29999999999998,0.003653134095430372,,,,
373,12.417414903640747,183,193.89999999999998,0.003660926318645475,,,,
374,12.476884365081787,184,193.2,0.003677339890003202,,,,
375,12.508010864257812,186,191.79999999999998,0.0036858685507774333,,,,
376,12.532010078430176,187,191.1,0.0036924203362464886,,,,
377,12.57241415977478,188,190.39999999999998,0.003703410246372221,,,,
378,12.604408264160156,189,189.7,0.003712080648660658,,,,
379,12.63283085823059,190,189.0,0.0037197547490596754,,,,
380,12.661941051483154,191,188.29999999999998,0.003727585391044615,,,,
381,12.693986654281616,192,187.6,0.003736173612594603,,,,
382,12.726022481918335,193,186.89999999999998,0.0037447271785736066,,,,
383,12.757997751235962,194,186.2,0.0037532326002120953,,,,
384,12.789861917495728,196,184.79999999999998,0.0037616447401046735,,,,
385,12.821951389312744,197,184.1,0.003770084271192549,,,,
386,12.869966983795166,198,183.39999999999998,0.003782664356946943,,,,
387,12.90099835395813,199,182.7,0.003790763544559477,,,,
388,12.932998180389404,200,182.0,0.003799083499431608,,,,
389,12.965939283370972,200,182.0,0.0038076481862068154,,,,
390,12.997987985610962,201,181.29999999999998,0.003815948800086973,,,,
391,13.029817819595337,202,180.6,0.0038241608972549414,,,,
392,13.06195330619812,203,179.89999999999998,0.0038324197173118567,,,,
393,13.094054698944092,204,179.2,0.0038406376738548253,,,,
394,13.121720790863037,205,178.5,0.0038476925272941565,,,,
395,13.153008937835693,205,178.5,0.0038556710047721837,,,,
396,13.185679197311401,206,177.79999999999998,0.0038639692506790137,,,,
397,13.242851734161377,207,177.1,0.0038784339025020576,,,,
398,13.275838613510132,207,177.1,0.0038867795829772927,,,,
399,13.301011323928833,208,176.39999999999998,0.0038931231060028056,,,,
400,13.333800792694092,208,176.39999999999998,0.0039013860521316507,,,,
401,13.365915536880493,209,175.7,0.003909446852922437,,,,
402,13.39701223373413,209,175.7,0.003917252123832701,,,,
403,13.429818868637085,209,175.7,0.003925486589193342,,,,
404,13.46187710762024,210,175.0,0.003933501148939131,,,,
405,13.493953943252563,210,175.0,0.0039415203578472115,,,,
406,13.525977611541748,210,175.0,0.003949526274919507,,,,
407,13.557987928390503,211,174.29999999999998,0.0039574968438148474,,,,
408,13.590835571289062,211,174.29999999999998,0.003965675906896589,,,,
409,13.643875122070312,212,173.6,0.003978829715490339,,,,
410,13.669771671295166,213,172.89999999999998,0.003985226163148879,,,,
411,13.70101261138916,213,172.89999999999998,0.003992942675352096,,,,
412,13.733821630477905,214,172.2,0.004001013694047927,,,,
413,13.765934705734253,214,172.2,0.004008913510560989,,,,
414,13.797001838684082,215,171.5,0.004016524958133697,,,,
415,13.82982063293457,215,171.5,0.004024565562725067,,,,
416,13.8598153591156,215,171.5,0.004031914270639419,,,,
417,13.889808654785156,216,170.79999999999998,0.004039232634782791,,,,
418,13.921003818511963,215,171.5,0.0040468754498958585,,,,
419,13.952963829040527,216,170.79999999999998,0.0040546736924648285,,,,
420,14.001551628112793,216,170.79999999999998,0.004066529115438461,,,,
421,14.033630609512329,215,171.5,0.004074388465881347,,,,
422,14.06563949584961,215,171.5,0.004082230643033981,,,,
423,14.096970319747925,215,171.5,0.004089906694889068,,,,
424,14.140554904937744,215,171.5,0.0041005849182605735,,,,
425,14.17279601097107,214,172.2,0.0041085162303447715,,,,
426,14.20399022102356,214,172.2,0.004116190006017684,,,,
427,14.229925394058228,213,172.89999999999998,0.004122595993757247,,,,
428,14.261016845703125,213,172.89999999999998,0.004130275582313537,,,,
429,14.293992757797241,213,172.89999999999998,0.004138420632600784,,,,
430,14.325990438461304,212,173.6,0.004146356057405471,,,,
431,14.356967449188232,211,174.29999999999998,0.004154069333076477,,,,
432,14.410747528076172,211,174.29999999999998,0.004167460572719574,,,,
433,14.444338083267212,210,175.0,0.004175858211517333,,,,
434,14.475826025009155,209,175.7,0.0041837616848945615,,,,
435,14.50801944732666,208,176.39999999999998,0.004191874427318573,,,,
436,14.53394103050232,207,177.1,0.0041984325878620145,,,,
437,14.56594729423523,206,177.79999999999998,0.004206562178850174,,,,
438,14.597882986068726,205,178.5,0.004214705780267715,,,,
439,14.629836320877075,204,179.2,0.004222885833978653,,,,
440,14.662095785140991,203,179.89999999999998,0.004231176516294479,,,,
441,14.693346977233887,202,180.6,0.004239239323854446,,,,
442,14.725956201553345,201,181.29999999999998,0.004247685112953186,,,,
443,14.779903173446655,200,182.0,0.004261711325645447,,,,
444,14.804548740386963,199,182.7,0.004268143818616867,,,,
445,14.836021661758423,199,182.7,0.004276358251094819,,,,
446,14.867838621139526,198,183.39999999999998,0.0042846942944526675,,,,
447,14.900561809539795,196,184.79999999999998,0.004293333216190338,,,,
448,14.93259882926941,195,185.5,0.004301823026418686,,,,
449,14.964625120162964,193,186.89999999999998,0.004310374046087265,,,,
450,14.996006488800049,192,187.6,0.0043187842528820035,,,,
451,15.027838945388794,190,189.0,0.004327379016160965,,,,
452,15.060626029968262,189,189.7,0.004336264316082001,,,,
453,15.09200668334961,187,191.1,0.004344831234455109,,,,
454,15.14002513885498,186,191.79999999999998,0.004357988291263581,,,,
455,15.172674894332886,184,193.2,0.0043669996237754825,,,,
456,15.20413851737976,183,193.89999999999998,0.004375715047359467,,,,
457,15.23600697517395,182,194.6,0.004384574478626251,,,,
458,15.267843008041382,181,195.29999999999998,0.004393456731796265,,,,
459,15.300497770309448,179,196.7,0.004402632719993592,,,,
460,15.332591533660889,178,197.39999999999998,0.004411683161258698,,,,
461,15.364619970321655,177,198.1,0.004420747208833695,,,,
462,15.39602518081665,175,199.5,0.004429697693824769,,,,
463,15.42784595489502,174,200.2,0.004438798435211183,,,,
464,15.460603475570679,173,200.89999999999998,0.004448199843645097,,,,
465,15.491971492767334,171,202.29999999999998,0.00445726520061493,,,,
466,15.547996044158936,170,203.0,0.004473512320518494,,,,
467,15.580010652542114,168,204.39999999999998,0.004482860586166383,,,,
468,15.607243537902832,167,205.1,0.004490839821577073,,,,
469,15.637244462966919,165,206.5,0.0044996900944709785,,,,
470,15.669621706008911,164,207.2,0.004509273758411409,,,,
471,15.70198917388916,162,208.6,0.004518919263839723,,,,
472,15.733556985855103,161,209.29999999999998,0.00452835803961754,,,,
473,15.766013860702515,160,210.0,0.004538095102071763,,,,
474,15.797996997833252,159,210.7,0.004547722026348115,,,,
475,15.829842805862427,158,211.39999999999998,0.004557339460372926,,,,
476,15.86195421218872,157,212.1,0.004567069216489793,,,,
477,15.916448593139648,156,212.79999999999998,0.004583635508298875,,,,
478,15.94101071357727,155,213.5,0.00459112695503235,,,,
479,15.973843336105347,153,214.89999999999998,0.004601206570148469,,,,
480,16.005932331085205,152,215.6,0.004611089980602266,,,,
481,16.03701114654541,151,216.29999999999998,0.004620693334579469,,,,
482,16.069831609725952,150,217.0,0.0046308676781654365,,,,
483,16.102182149887085,148,218.39999999999998,0.00464096104669571,,,,
484,16.14001202583313,147,219.1,0.004652801797866822,,,,
485,16.17058038711548,146,219.79999999999998,0.004662400263309479,,,,
486,16.19601345062256,144,221.2,0.0046704371113777165,,,,
487,16.227842569351196,143,221.89999999999998,0.0046805269420146945,,,,
488,16.258866786956787,142,222.6,0.004690392643213272,,,,
489,16.316173315048218,141,223.29999999999998,0.004708673425674438,,,,
490,16.348169088363647,140,224.0,0.004718912073135376,,,,
491,16.380386352539062,140,224.0,0.004729221597671508,,,,
492,16.412378787994385,139,224.7,0.0047394911694526665,,,,
493,16.44399881362915,138,225.39999999999998,0.004749672817707061,,,,
494,16.476348161697388,137,226.1,0.004760121657133101,,,,
495,16.508013010025024,136,226.79999999999998,0.004770381067991256,,,,
496,16.540412664413452,136,226.79999999999998,0.004780878556013106,,,,
497,16.57200026512146,136,226.79999999999998,0.004791112938642501,,,,
498,16.604681253433228,135,227.49999999999997,0.0048017342598438255,,,,
499,16.62784218788147,135,227.49999999999997,0.0048092615635395046,,,,
500,16.68457317352295,134,228.2,0.004827755864858627,,,,
501,16.715839624404907,134,228.2,0.004837948727846145,,,,
502,16.748032331466675,134,228.2,0.004848443550348282,,,,
503,16.774162530899048,134,228.2,0.004856961995363235,,,,
504,16.80397868156433,134,228.2,0.004866682060480117,,,,
505,16.835901260375977,133,228.89999999999998,0.004877120743751525,,,,
506,16.867764472961426,133,228.89999999999998,0.004887540014266967,,,,
507,16.900623559951782,133,228.89999999999998,0.004898284935712814,,,,
508,16.93261694908142,133,228.89999999999998,0.004908746773958206,,,,
509,16.964032888412476,133,228.89999999999998,0.0049190197861194605,,,,
510,16.99654221534729,133,228.89999999999998,0.004929650336027145,,,,
511,17.02784752845764,133,228.89999999999998,0.0049398871734142305,,,,
512,17.083644151687622,133,228.89999999999998,0.004958132669210434,,,,
513,17.109841108322144,134,228.2,0.004966672877073288,,,,
514,17.141927003860474,135,227.49999999999997,0.004977100793123246,,,,
515,17.173986434936523,135,227.49999999999997,0.004987520108222962,,,,
516,17.206037044525146,136,226.79999999999998,0.004997904505729676,,,,
517,17.23800230026245,136,226.79999999999998,0.005008261248588563,,,,
518,17.269891262054443,137,226.1,0.005018561383247376,,,,
519,17.298032999038696,138,225.39999999999998,0.005027623022556305,,,,
520,17.33027935028076,138,225.39999999999998,0.00503800634765625,,,,
521,17.362003087997437,140,224.0,0.0050481579437255866,,,,
522,17.39420485496521,140,224.0,0.005058462509155274,,,,
523,17.452479600906372,141,223.29999999999998,0.005077052153110505,,,,
524,17.477030754089355,142,222.6,0.005084859419822694,,,,
525,17.509843587875366,143,221.89999999999998,0.005095261088132859,,,,
526,17.541463136672974,144,221.2,0.005105252865552903,,,,
527,17.5694522857666,145,220.5,0.005114069447517396,,,,
528,17.600913763046265,147,219.1,0.00512391688990593,,,,
529,17.638022422790527,148,218.39999999999998,0.00513549479174614,,,,
530,17.66989278793335,149,217.7,0.005145406475305558,,,,
531,17.702016592025757,150,217.0,0.005155364854574204,,,,
532,17.73410415649414,152,215.6,0.005165247824430466,,,,
533,17.76599645614624,153,214.89999999999998,0.0051750387604236605,,,,
534,17.814199209213257,154,214.2,0.005189788802862167,,,,
535,17.84018635749817,156,212.79999999999998,0.0051976888959407806,,,,
536,17.872150897979736,158,211.39999999999998,0.005207342187166214,,,,
537,17.90377402305603,159,210.7,0.005216860747814179,,,,
538,17.936096668243408,161,209.29999999999998,0.005226525218725205,,,,
539,17.968034744262695,162,208.6,0.005236042765378952,,,,
540,18.005019187927246,163,207.89999999999998,0.0052470271451473234,,,,
541,18.04400610923767,165,206.5,0.005258528286933899,,,,
542,18.075841903686523,166,205.79999999999998,0.005267888010501862,,,,
543,18.10062003135681,167,205.1,0.005275148001909256,,,,
544,18.13201904296875,169,203.7,0.00528428511428833,,,,
545,18.16398286819458,170,203.0,0.005293554623603821,,,,
546,18.212038040161133,172,201.6,0.0053073945131301885,,,,
547,18.24461579322815,173,200.89999999999998,0.005316744328260422,,,,
548,18.276610374450684,174,200.2,0.005325894778490067,,,,
549,18.303983449935913,176,198.79999999999998,0.005333668731927872,,,,
550,18.336007356643677,177,198.1,0.0053427314975261694,,,,
551,18.368016958236694,179,196.7,0.005351726195573807,,,,
552,18.41200590133667,180,196.0,0.005364043099641801,,,,
553,18.444384813308716,182,194.6,0.00537304443717003,,,,
554,18.46986174583435,183,193.89999999999998,0.00538010154747963,,,,
555,18.5020112991333,184,193.2,0.00538897482419014,,,,
556,18.533971548080444,186,191.79999999999998,0.005397731932401658,,,,
557,18.587921619415283,187,191.1,0.005412460301876068,,,,
558,18.612612009048462,188,190.39999999999998,0.005419176087856293,,,,
559,18.644615650177002,189,189.7,0.005427849074602128,,,,
560,18.67602038383484,190,189.0,0.0054363283526897435,,,,
561,18.707663536071777,192,187.6,0.005444808717489243,,,,
562,18.740036249160767,192,187.6,0.005453484604597093,,,,
563,18.772008895874023,193,186.89999999999998,0.005462021301269532,,,,
564,18.812007904052734,194,186.2,0.005472661037445069,,,,
565,18.84221363067627,195,185.5,0.005480665555000306,,,,
566,18.869844436645508,196,184.79999999999998,0.005487960087776185,,,,
567,18.902007818222046,197,184.1,0.005496419057130815,,,,
568,18.93397283554077,198,183.39999999999998,0.005504793891668321,,,,
569,18.981909036636353,200,182.0,0.005517257303953172,,,,
570,19.013023138046265,200,182.0,0.0055253469703197495,,,,
571,19.045963287353516,202,180.6,0.00553384552884102,,,,
572,19.077038764953613,202,180.6,0.005541863002061846,,,,
573,19.109864711761475,203,179.89999999999998,0.005550299270391466,,,,
574,19.14203381538391,204,179.2,0.00555853456091881,,,,
575,19.174192667007446,204,179.2,0.005566767226934435,,,,
576,19.206011295318604,205,178.5,0.00557488097715378,,,,
577,19.2380108833313,205,178.5,0.005583040872097017,,,,
578,19.2700412273407,205,178.5,0.005591208609819414,,,,
579,19.301990270614624,206,177.79999999999998,0.005599323666810991,,,,
580,19.349116802215576,206,177.79999999999998,0.005611293805837633,,,,
581,19.38189959526062,206,177.79999999999998,0.005619620635271074,,,,
582,19.414194107055664,206,177.79999999999998,0.005627823441267016,,,,
583,19.44602346420288,206,177.79999999999998,0.005635908097982409,,,,
584,19.47802495956421,206,177.79999999999998,0.005644036477804186,,,,
585,19.50988745689392,206,177.79999999999998,0.005652129552125932,,,,
586,19.54197883605957,206,177.79999999999998,0.005660280762434008,,,,
587,19.574081897735596,207,177.1,0.005668402837038042,,,,
588,19.605929613113403,207,177.1,0.005676460309028627,,,,
589,19.637025833129883,207,177.1,0.005684327652692796,,,,
590,19.66986060142517,207,177.1,0.0056926348490715034,,,,
591,19.70197606086731,207,177.1,0.005700760060310364,,,,
592,19.755863904953003,207,177.1,0.005714393684864045,,,,
593,19.788026809692383,207,177.1,0.005722530899763108,,,,
594,19.813894033432007,207,177.1,0.005729075307369233,,,,
595,19.84602952003479,207,177.1,0.005737205585479737,,,,
596,19.877289295196533,207,177.1,0.0057451143085956585,,,,
597,19.90985107421875,207,177.1,0.005753352438688279,,,,
598,19.9421968460083,207,177.1,0.005761535918951035,,,,
599,19.97419786453247,207,177.1,0.00576963217663765,,,,
600,20.00601363182068,206,177.79999999999998,0.005777713381528855,,,,
601,20.037615537643433,206,177.79999999999998,0.0057857402656078345,,,,
602,20.069868326187134,206,177.79999999999998,0.005793932473897935,,,,
603,20.123995542526245,206,177.79999999999998,0.005807680786848069,,,,
604,20.148847579956055,205,178.5,0.005814018056392671,,,,
605,20.179861068725586,205,178.5,0.005821926496028901,,,,
606,20.212584018707275,204,179.2,0.005830303571224213,,,,
607,20.2446551322937,204,179.2,0.005838513776302338,,,,
608,20.276039600372314,203,179.89999999999998,0.005846579584598542,,,,
609,20.30785632133484,203,179.89999999999998,0.0058547564818859105,,,,
610,20.340028047561646,202,180.6,0.005863056787252427,,,,
611,20.372602701187134,201,181.29999999999998,0.005871493622541428,,,,
612,20.40201711654663,201,181.29999999999998,0.005879111956119538,,,,
613,20.432864904403687,200,182.0,0.0058871323809623725,,,,
614,20.48003840446472,199,182.7,0.0058994446644783025,,,,
615,20.512038469314575,198,183.39999999999998,0.005907828681468964,,,,
616,20.544848680496216,197,184.1,0.005916457767009735,,,,
617,20.576831579208374,196,184.79999999999998,0.005924901252269745,,,,
618,20.608038902282715,196,184.79999999999998,0.005933139985561371,,,,
619,20.64439606666565,195,185.5,0.0059427746341228485,,,,
620,20.679028272628784,194,186.2,0.0059519868009090425,,,,
621,20.711812734603882,193,186.89999999999998,0.005960740252256394,,,,
622,20.743924617767334,192,187.6,0.005969346236944199,,,,
623,20.775922060012817,191,188.29999999999998,0.005977953548908234,,,,
624,20.807039737701416,190,189.0,0.005986355321884156,,,,
625,20.838982582092285,189,189.7,0.0059950118327140815,,,,
626,20.891023874282837,189,189.7,0.006009115022897721,,,,
627,20.914607524871826,188,190.39999999999998,0.006015529775857926,,,,
628,20.944863080978394,187,191.1,0.0060237895426750185,,,,
629,20.988034963607788,186,191.79999999999998,0.006035618638515473,,,,
630,21.020478010177612,185,192.5,0.006044540476322175,,,,
631,21.04459810256958,184,193.2,0.006051197621822358,,,,
632,21.076043605804443,183,193.89999999999998,0.006059908026218415,,,,
633,21.107866525650024,182,194.6,0.006068754797935486,,,,
634,21.140045166015625,181,195.29999999999998,0.006077732638597489,,,,
635,21.172659158706665,179,196.7,0.006086897170543671,,,,
636,21.2039954662323,178,197.39999999999998,0.0060957340092659,,,,
637,21.26051139831543,177,198.1,0.006111728018045426,,,,
638,21.284576177597046,176,198.79999999999998,0.006118562415361405,,,,
639,21.31656765937805,175,199.5,0.006127679987668992,,,,
640,21.347865343093872,174,200.2,0.006136631125211717,,,,
641,21.380510330200195,173,200.89999999999998,0.006146000236511232,,,,
642,21.41259741783142,172,201.6,0.006155241317749025,,,,
643,21.44402027130127,171,202.29999999999998,0.006164322522401811,,,,
644,21.472044944763184,170,203.0,0.006172449677705766,,,,
645,21.515871286392212,169,203.7,0.006185203143119813,,,,
646,21.547937870025635,167,205.1,0.006194598652124406,,,,
647,21.575904607772827,166,205.79999999999998,0.00620282087302208,,,,
648,21.605984926223755,166,205.79999999999998,0.006211664486646653,,,,
649,21.653965950012207,165,206.5,0.0062258188886642465,,,,
650,21.686006784439087,164,207.2,0.006235302975654603,,,,
651,21.717050313949585,163,207.89999999999998,0.0062445229039192205,,,,
652,21.7498619556427,162,208.6,0.006254300773143769,,,,
653,21.78203248977661,160,210.0,0.0062639519333839416,,,,
654,21.81400418281555,159,210.7,0.006273575412988662,,,,
655,21.846025943756104,159,210.7,0.006283213963031768,,,,
656,21.87802290916443,158,211.39999999999998,0.006292877046585083,,,,
657,21.9098699092865,157,212.1,0.00630252668762207,,,,
658,21.94111466407776,156,212.79999999999998,0.006312025093078612,,,,
659,21.96799659729004,156,212.79999999999998,0.006320197200775145,,,,
660,22.01603388786316,155,213.5,0.006334848574399947,,,,
661,22.048989057540894,154,214.2,0.0063449328563213335,,,,
662,22.08403515815735,154,214.2,0.006355656963109969,,,,
663,22.11994743347168,153,214.89999999999998,0.0063666820316314685,,,,
664,22.151854515075684,152,215.6,0.006376509412765502,,,,
665,22.18378257751465,151,216.29999999999998,0.006386375184059143,,,,
666,22.21585702896118,150,217.0,0.006396318264007568,,,,
667,22.24705195426941,150,217.0,0.006405988690853119,,,,
668,22.27903699874878,149,217.7,0.006415936039686203,,,,
669,22.31182885169983,148,218.39999999999998,0.00642616709780693,,,,
670,22.34304118156433,148,218.39999999999998,0.006435905344724655,,,,
671,22.375840187072754,147,219.1,0.006446171433448791,,,,
672,22.42803955078125,147,219.1,0.006462509834289551,,,,
673,22.45262050628662,146,219.79999999999998,0.006470228254318237,,,,
674,22.48405432701111,146,219.79999999999998,0.006480098474025726,,,,
675,22.516569137573242,146,219.79999999999998,0.006490308124542236,,,,
676,22.55587410926819,145,220.5,0.006502689190626144,,,,
677,22.582054615020752,145,220.5,0.006510936049938201,,,,
678,22.62002396583557,144,221.2,0.006522934364795684,,,,
679,22.64523673057556,144,221.2,0.0065309015984535215,,,,
680,22.67804503440857,144,221.2,0.006541269022464752,,,,
681,22.709866046905518,143,221.89999999999998,0.0065513562834262845,,,,
682,22.74198889732361,143,221.89999999999998,0.00656153922700882,,,,
683,22.789862394332886,143,221.89999999999998,0.006576715125560761,,,,
684,22.82195782661438,143,221.89999999999998,0.0065868893775939946,,,,
685,22.853918075561523,143,221.89999999999998,0.006597020776510239,,,,
686,22.885055541992188,143,221.89999999999998,0.00660689135336876,,,,
687,22.917039394378662,143,221.89999999999998,0.006617030234575272,,,,
688,22.949875831604004,143,221.89999999999998,0.006627439385175705,,,,
689,22.98117756843567,144,221.2,0.006637330734014512,,,,
690,23.011038780212402,144,221.2,0.00664676687693596,,,,
691,23.0410373210907,144,221.2,0.006656246415853501,,,,
692,23.080023050308228,144,221.2,0.00666856590628624,,,,
693,23.116101264953613,145,220.5,0.006679930543899536,,,,
694,23.156041622161865,145,220.5,0.006692511756420136,,,,
695,23.187880039215088,145,220.5,0.006702540857791901,,,,
696,23.220553398132324,146,219.79999999999998,0.006712800292491913,,,,
697,23.252594709396362,146,219.79999999999998,0.006722861264228821,,,,
698,23.28403925895691,146,219.79999999999998,0.006732734852790833,,,,
699,23.316521406173706,146,219.79999999999998,0.006742934247016908,,,,
700,23.347875595092773,147,219.1,0.006752748108148575,,,,
701,23.380613565444946,147,219.1,0.0067629950928688055,,,,
702,23.412038803100586,147,219.1,0.006772831192255021,,,,
703,23.444592714309692,147,219.1,0.0067830205664634715,,,,
704,23.476613521575928,148,218.39999999999998,0.006793011058330537,,,,
705,23.508575916290283,148,218.39999999999998,0.006802983325481416,,,,
706,23.563100576400757,149,217.7,0.006819940494775773,,,,
707,23.5955867767334,150,217.0,0.006830011216878892,,,,
708,23.628026962280273,151,216.29999999999998,0.006840035234212876,,,,
709,23.652594327926636,152,215.6,0.006847601982831956,,,,
710,23.69202947616577,153,214.89999999999998,0.00685970857334137,,,,
711,23.724313020706177,153,214.89999999999998,0.0068696196215152746,,,,
712,23.749863624572754,154,214.2,0.006877438106298447,,,,
713,23.782012701034546,155,213.5,0.0068872435746192935,,,,
714,23.814029455184937,156,212.79999999999998,0.006896976667881013,,,,
715,23.84591770172119,156,212.79999999999998,0.006906670694828034,,,,
716,23.87799572944641,157,212.1,0.006916390337228775,,,,
717,23.932045459747314,158,211.39999999999998,0.006932713355779648,,,,
718,23.956061840057373,159,210.7,0.0069399422862529755,,,,
719,23.987878799438477,160,210.0,0.0069494873740673065,,,,
720,24.01969265937805,160,210.0,0.006959031532049179,,,,
721,24.05265474319458,161,209.29999999999998,0.006968887195110321,,,,
722,24.084061861038208,162,208.6,0.0069782465162277225,,,,
723,24.11604380607605,163,207.89999999999998,0.006987745153903962,,,,
724,24.14819359779358,164,207.2,0.00699726149225235,,,,
725,24.18074083328247,165,206.5,0.007006862926721574,,,,
726,24.21204400062561,166,205.79999999999998,0.007016066057920456,,,,
727,24.244602918624878,167,205.1,0.007025605820894241,,,,
728,24.27666425704956,168,204.39999999999998,0.007034967731714249,,,,
729,24.324045419692993,169,203.7,0.007048755650043487,,,,
730,24.35604476928711,170,203.0,0.007058035461425781,,,,
731,24.387884616851807,171,202.29999999999998,0.007067237177371979,,,,
732,24.42057204246521,172,201.6,0.007076651155948639,,,,
733,24.45258116722107,173,200.89999999999998,0.0070858377747535705,,,,
734,24.484063863754272,174,200.2,0.007094841825962066,,,,
735,24.516051292419434,175,199.5,0.007103958243131637,,,,
736,24.544548749923706,175,199.5,0.007112080018520354,,,,
737,24.580659866333008,176,198.79999999999998,0.007122335575580596,,,,
738,24.612720727920532,177,198.1,0.007131408799409865,,,,
739,24.644009590148926,178,197.39999999999998,0.007140232258558272,,,,
740,24.69277572631836,179,196.7,0.007153935542821883,,,,
741,24.724754095077515,180,196.0,0.007162889486074447,,,,
742,24.75663924217224,181,195.29999999999998,0.007171785442113876,,,,
743,24.787887811660767,181,195.29999999999998,0.007180503793001175,,,,
744,24.82061004638672,182,194.6,0.007189600574254989,,,,
745,24.852630853652954,183,193.89999999999998,0.007198470337867737,,,,
746,24.884592056274414,183,193.89999999999998,0.007207323590993881,,,,
747,24.916065216064453,184,193.2,0.007216010183095932,,,,
748,24.94780921936035,185,192.5,0.007224739784002304,,,,
749,24.98065972328186,185,192.5,0.007233773672580719,,,,
750,25.012641191482544,186,191.79999999999998,0.007242536594867706,,,,
751,25.04401183128357,187,191.1,0.0072511007795333865,,,,
752,25.100622177124023,187,191.1,0.00726655540394783,,,,
753,25.12402844429016,188,190.39999999999998,0.007272921908617019,,,,
754,25.156633377075195,189,189.7,0.007281757845401763,,,,
755,25.187882661819458,189,189.7,0.0072902264015674585,,,,
756,25.220637798309326,189,189.7,0.007299103043556213,,,,
757,25.252713680267334,190,189.0,0.007307763531684875,,,,
758,25.284675359725952,191,188.29999999999998,0.007316361223459244,,,,
759,25.31603717803955,191,188.29999999999998,0.0073247975525856015,,,,
760,25.348081827163696,192,187.6,0.007333385518550873,,,,
761,25.380670309066772,193,186.89999999999998,0.007342086643218994,,,,
762,25.412635564804077,193,186.89999999999998,0.007350621366500855,,,,
763,25.46004819869995,194,186.2,0.007363233127117157,,,,
764,25.49247908592224,195,185.5,0.007371827312231064,,,,
765,25.524539709091187,196,184.79999999999998,0.007380291316747665,,,,
766,25.556589365005493,196,184.79999999999998,0.007388752425909042,,,,
767,25.58779501914978,197,184.1,0.0073969595129489895,,,,
768,25.616943359375,197,184.1,0.007404625526428222,,,,
769,25.64804768562317,198,183.39999999999998,0.007412774859905242,,,,
770,25.684866189956665,198,183.39999999999998,0.007422421308040618,,,,
771,25.72105073928833,199,182.7,0.007431865475416183,,,,
772,25.753358840942383,199,182.7,0.007440297889947891,,,,
773,25.779013633728027,199,182.7,0.007446993790864944,,,,
774,25.827547073364258,199,182.7,0.00745966101861,,,,
775,25.859049797058105,199,182.7,0.0074678832294940945,,,,
776,25.891050338745117,200,182.0,0.0074762033703327175,,,,
777,25.923445463180542,200,182.0,0.007484626102685928,,,,
778,25.955448150634766,200,182.0,0.0074929468014240256,,,,
779,25.98688578605652,200,182.0,0.007501120586633682,,,,
780,26.019410133361816,200,182.0,0.0075095769169330594,,,,
781,26.05143642425537,201,181.29999999999998,0.00751787172627449,,,,
782,26.083187341690063,201,181.29999999999998,0.007526095213890075,,,,
783,26.11497926712036,201,181.29999999999998,0.007534329322576522,,,,
784,26.147088289260864,201,181.29999999999998,0.007542645559310912,,,,
785,26.17940926551819,200,182.0,0.007551049013137817,,,,
786,26.235892057418823,200,182.0,0.007565734539031982,,,,
787,26.261066198349,200,182.0,0.007572279815673828,,,,
788,26.29422616958618,199,182.7,0.007580934568166733,,,,
789,26.32603931427002,199,182.7,0.007589237798929215,,,,
790,26.357053518295288,199,182.7,0.00759733250617981,,,,
791,26.389554023742676,199,182.7,0.007605815138101578,,,,
792,26.42205572128296,198,183.39999999999998,0.007614330582857132,,,,
793,26.453967094421387,198,183.39999999999998,0.007622691362619401,,,,
794,26.48605704307556,197,184.1,0.007631131019115449,,,,
795,26.517053842544556,197,184.1,0.007639283177375795,,,,
796,26.549890756607056,196,184.79999999999998,0.007647952122688295,,,,
797,26.605146884918213,196,184.79999999999998,0.007662539740562441,,,,
798,26.63589072227478,195,185.5,0.007670686857461931,,,,
799,26.668018102645874,195,185.5,0.00767920061326027,,,,
800,26.692516088485718,194,186.2,0.0076857170774936685,,,,
801,26.72465443611145,194,186.2,0.007694265877962113,,,,
802,26.75662350654602,193,186.89999999999998,0.0077028016197681435,,,,
803,26.78887701034546,192,187.6,0.007711445558786393,,,,
804,26.828059911727905,192,187.6,0.007721946576356889,,,,
805,26.855321645736694,191,188.29999999999998,0.007729279982805253,,,,
806,26.886075496673584,190,189.0,0.007737583522558214,,,,
807,26.918055295944214,190,189.0,0.007746218068361284,,,,
808,26.949933528900146,189,189.7,0.007754857069492341,,,,
809,26.997103691101074,188,190.39999999999998,0.0077676873536109935,,,,
810,27.03000044822693,187,191.1,0.007776668168306352,,,,
811,27.061057567596436,187,191.1,0.007785146761894227,,,,
812,27.093913078308105,186,191.79999999999998,0.007794149171829225,,,,
813,27.12605619430542,186,191.79999999999998,0.007802956385612489,,,,
814,27.153473377227783,185,192.5,0.007810496110916138,,,,
815,27.18487858772278,185,192.5,0.007819132543802261,,,,
816,27.21687340736389,184,193.2,0.007827963114023208,,,,
817,27.248066902160645,184,193.2,0.007836572518587112,,,,
818,27.28096604347229,183,193.89999999999998,0.007845685580730438,,,,
819,27.312018871307373,182,194.6,0.00785431826686859,,,,
820,27.360984325408936,182,194.6,0.007867930663108825,,,,
821,27.399741172790527,181,195.29999999999998,0.00787874382352829,,,,
822,27.433133840560913,180,196.0,0.007888093770503998,,,,
823,27.465056896209717,179,196.7,0.007897064149141311,,,,
824,27.49093532562256,178,197.39999999999998,0.007904361866235733,,,,
825,27.523017406463623,178,197.39999999999998,0.007913409013032913,,,,
826,27.555049180984497,177,198.1,0.00792247400522232,,,,
827,27.586880683898926,176,198.79999999999998,0.007931514152050017,,,,
828,27.61905336380005,175,199.5,0.007940683365821837,,,,
829,27.651216983795166,175,199.5,0.007949849997520445,,,,
830,27.68308925628662,174,200.2,0.007958965467453002,,,,
831,27.715010166168213,174,200.2,0.007968094847679137,,,,
832,27.772402048110962,173,200.89999999999998,0.007984566317796706,,,,
833,27.797070741653442,172,201.6,0.00799167090153694,,,,
834,27.829896450042725,172,201.6,0.008001124705553054,,,,
835,27.861059427261353,171,202.29999999999998,0.008010130805969237,,,,
836,27.894067764282227,170,203.0,0.00801970322370529,,,,
837,27.92604970932007,170,203.0,0.008028977987766264,,,,
838,27.958048820495605,169,203.7,0.008038289729118346,,,,
839,27.989879369735718,168,204.39999999999998,0.008047584249496458,,,,
840,28.02195906639099,167,205.1,0.008056983600616453,,,,
841,28.05406403541565,166,205.79999999999998,0.008066422461509702,,,,
842,28.085986852645874,166,205.79999999999998,0.008075807769775388,,,,
843,28.134047031402588,165,206.5,0.008089985522508619,,,,
844,28.165385484695435,164,207.2,0.008099261704683301,,,,
845,28.197073459625244,163,207.89999999999998,0.008108673033237455,,,,
846,28.22989845275879,162,208.6,0.00811845488119125,,,,
847,28.26107406616211,162,208.6,0.008127745213985441,,,,
848,28.29395890235901,161,209.29999999999998,0.008137577780008313,,,,
849,28.32605218887329,160,210.0,0.008147205765962598,,,,
850,28.363869190216064,158,211.39999999999998,0.008158626500368115,,,,
851,28.396894454956055,156,212.79999999999998,0.008168666180849072,,,,
852,28.42211604118347,156,212.79999999999998,0.008176333543062207,,,,
853,28.460025548934937,155,213.5,0.008187895942926404,,,,
854,28.502039432525635,154,214.2,0.008200752191305158,,,,
855,28.53306293487549,153,214.89999999999998,0.008210276406526563,,,,
856,28.56594443321228,153,214.89999999999998,0.008220371026515958,,,,
857,28.597225427627563,152,215.6,0.008230005572795865,,,,
858,28.629897356033325,151,216.29999999999998,0.008240101198673246,,,,
859,28.66107678413391,151,216.29999999999998,0.008249735641956328,,,,
860,28.693719387054443,150,217.0,0.008259854848861693,,,,
861,28.726093530654907,150,217.0,0.008269890833377837,,,,
862,28.75805115699768,150,217.0,0.008279797697544097,,,,
863,28.7898850440979,149,217.7,0.008289698036432265,,,,
864,28.822041749954224,149,217.7,0.008299698771953582,,,,
865,28.853261947631836,149,217.7,0.00830940825343132,,,,
866,28.90793204307556,149,217.7,0.008326410653114319,,,,
867,28.934065580368042,149,217.7,0.008334538183212281,,,,
868,28.972404956817627,149,217.7,0.008346461729288102,,,,
869,28.996635913848877,149,217.7,0.00835399755692482,,,,
870,29.03588342666626,149,217.7,0.008366203533411026,,,,
871,29.060166358947754,149,217.7,0.00837375552535057,,,,
872,29.09206461906433,149,217.7,0.008383675884246825,,,,
873,29.124760150909424,149,217.7,0.008393844194650649,,,,
874,29.16424322128296,148,218.39999999999998,0.008406162912607191,,,,
875,29.19623112678528,148,218.39999999999998,0.008416143139123915,,,,
876,29.22318434715271,541,-56.699999999999996,0.008413959928274152,,,,
877,29.26754879951477,541,-56.699999999999996,0.008410366407632826,,,,
878,29.308066844940186,148,218.39999999999998,0.008423008037805555,,,,
879,29.33208179473877,148,218.39999999999998,0.008430500702142713,,,,
880,29.364630937576294,149,217.7,0.008440623485565183,,,,
881,29.39606547355652,149,217.7,0.008450399626255033,,,,
882,29.427900791168213,149,217.7,0.00846030041003227,,,,
883,29.46008276939392,149,217.7,0.008470309005260466,,,,
884,29.492754220962524,149,217.7,0.008480469826698303,,,,
885,29.53013825416565,149,217.7,0.008492096261024474,,,,
886,29.564083576202393,150,217.0,0.008502619310855865,,,,
887,29.595911026000977,150,217.0,0.008512485820293425,,,,
888,29.622089385986328,151,216.29999999999998,0.0085205749335289,,,,
889,29.67012858390808,151,216.29999999999998,0.00853541904568672,,,,
890,29.702012062072754,152,215.6,0.00854523915696144,,,,
891,29.73106622695923,152,215.6,0.008554187839746473,,,,
892,29.761419773101807,153,214.89999999999998,0.008563506378412244,,,,
893,29.798223733901978,153,214.89999999999998,0.008574805194377897,,,,
894,29.831881284713745,154,214.2,0.008585104404926299,,,,
895,29.86392879486084,154,214.2,0.00859491094303131,,,,
896,29.8959379196167,155,213.5,0.008604673726081848,,,,
897,29.927081823349,155,213.5,0.008614172616720199,,,,
898,29.959081888198853,156,212.79999999999998,0.008623900636434555,,,,
899,29.991889476776123,157,212.1,0.008633841335773468,,,,
900,30.044066667556763,158,211.39999999999998,0.008649598847389221,,,,
901,30.069904565811157,158,211.39999999999998,0.008657401892662049,,,,
902,30.102243661880493,159,210.7,0.00866713596057892,,,,
903,30.1340754032135,159,210.7,0.008676717314720155,,,,
904,30.166053533554077,160,210.0,0.008686310753822328,,,,
905,30.198055744171143,161,209.29999999999998,0.00869587941479683,,,,
906,30.229684829711914,162,208.6,0.008705304882287981,,,,
907,30.262054204940796,164,207.2,0.00871488621735573,,,,
908,30.29396677017212,165,206.5,0.00872430042409897,,,,
909,30.3260395526886,166,205.79999999999998,0.008733729822158816,,,,
910,30.35807752609253,168,204.39999999999998,0.008743084910392763,,,,
911,30.38989806175232,169,203.7,0.008752344686269762,,,,
912,30.43707013130188,170,203.0,0.008766024586439134,,,,
913,30.469911336898804,170,203.0,0.008775548536062243,,,,
914,30.502013206481934,171,202.29999999999998,0.008784825976371768,,,,
915,30.533514499664307,172,201.6,0.008793898348808291,,,,
916,30.572503566741943,172,201.6,0.00880512720012665,,,,
917,30.601121187210083,173,200.89999999999998,0.008813340457201007,,,,
918,30.62790536880493,173,200.89999999999998,0.008821027517318728,,,,
919,30.660353422164917,174,200.2,0.008830307660579684,,,,
920,30.692737579345703,174,200.2,0.008839569529533388,,,,
921,30.724730968475342,175,199.5,0.008848687645435335,,,,
922,30.75672745704651,176,198.79999999999998,0.008857774648189546,,,,
923,30.804069757461548,176,198.79999999999998,0.008871219861507417,,,,
924,30.836657762527466,177,198.1,0.008880442266941072,,,,
925,30.86791181564331,178,197.39999999999998,0.00888925590991974,,,,
926,30.900731086730957,179,196.7,0.00889847812509537,,,,
927,30.932090997695923,179,196.7,0.008907290260076525,,,,
928,30.96459650993347,180,196.0,0.008916391803503038,,,,
929,30.996755838394165,181,195.29999999999998,0.008925364256143571,,,,
930,31.02790927886963,181,195.29999999999998,0.008934056066036226,,,,
931,31.060091018676758,182,194.6,0.008943002589702608,,,,
932,31.092785358428955,182,194.6,0.008952091616153719,,,,
933,31.132036685943604,182,194.6,0.008963003485202792,,,,
934,31.17207956314087,182,194.6,0.008974135405063631,,,,
935,31.204073429107666,182,194.6,0.0089830296998024,,,,
936,31.24306559562683,182,194.6,0.008993869522094728,,,,
937,31.276236295700073,182,194.6,0.009003090976715089,,,,
938,31.302076816558838,182,194.6,0.009010274641513825,,,,
939,31.340060710906982,182,194.6,0.00902083416414261,,,,
940,31.372056007385254,183,193.89999999999998,0.009029696861267091,,,,
941,31.396632432937622,183,193.89999999999998,0.009036504531145097,,,,
942,31.43655014038086,183,193.89999999999998,0.009047561736106874,,,,
943,31.460702896118164,183,193.89999999999998,0.009054252049446107,,,,
944,31.49209189414978,183,193.89999999999998,0.009062946801900866,,,,
945,31.5240375995636,183,193.89999999999998,0.009071795762300494,,,,
946,31.5805721282959,183,193.89999999999998,0.009087455826759341,,,,
947,31.604691743850708,182,194.6,0.009094161079883579,,,,
948,31.636074781417847,182,194.6,0.009102885564327243,,,,
949,31.66791272163391,181,195.29999999999998,0.009111768349647525,,,,
950,31.700679779052734,181,195.29999999999998,0.009120910358667376,,,,
951,31.732657432556152,181,195.29999999999998,0.009129832123994831,,,,
952,31.76407527923584,181,195.29999999999998,0.009138597703218464,,,,
953,31.796453952789307,181,195.29999999999998,0.009147631353139882,,,,
954,31.82790970802307,181,195.29999999999998,0.009156407508850103,,,,
955,31.860077142715454,181,195.29999999999998,0.009165382223129277,,,,
956,31.89203906059265,182,194.6,0.009174267636299138,,,,
957,31.940657377243042,182,194.6,0.009187783528327947,,,,
958,31.97262477874756,181,195.29999999999998,0.009196702433347708,,,,
959,32.00466012954712,181,195.29999999999998,0.009205640296220785,,,,
960,32.0360951423645,181,195.29999999999998,0.009214410664796835,,,,
961,32.068249464035034,181,195.29999999999998,0.009223381720542913,,,,
962,32.10088109970093,181,195.29999999999998,0.009232485946893697,,,,
963,32.132094860076904,181,195.29999999999998,0.009241194586038596,,,,
964,32.164000511169434,181,195.29999999999998,0.009250096262693411,,,,
965,32.19667100906372,181,195.29999999999998,0.009259211331605918,,,,
966,32.22835087776184,181,195.29999999999998,0.009268050014972693,,,,
967,32.26068043708801,180,196.0,0.009277102291584021,,,,
968,32.29204082489014,180,196.0,0.009285883200168616,,,,
969,32.34073328971863,180,196.0,0.009299517090320593,,,,
970,32.372095346450806,180,196.0,0.009308298466205603,,,,
971,32.40472197532654,180,196.0,0.009317433922290808,,,,
972,32.43607711791992,180,196.0,0.009326213362216956,,,,
973,32.46792030334473,180,196.0,0.009335129454135902,,,,
974,32.50054407119751,180,196.0,0.009344264109134682,,,,
975,32.53260588645935,180,196.0,0.009353241417407997,,,,
976,32.56424641609192,180,196.0,0.009362100765705116,,,,
977,32.59607648849487,180,196.0,0.009371013185977942,,,,
978,32.62791442871094,179,196.7,0.009379959647178656,,,,
979,32.660685300827026,179,196.7,0.009389168262243277,,,,
980,32.71592450141907,179,196.7,0.009404690477609641,,,,
981,32.74807000160217,179,196.7,0.009413723363161094,,,,
982,32.77397894859314,180,196.0,0.009420977868318565,,,,
983,32.80604290962219,180,196.0,0.0094299557774067,,,,
984,32.83786582946777,180,196.0,0.009438866194963463,,,,
985,32.869957447052,180,196.0,0.009447851847887047,,,,
986,32.902040243148804,180,196.0,0.009456835030794152,,,,
987,32.93307948112488,180,196.0,0.009465526017427454,,,,
988,32.96508002281189,180,196.0,0.009474486169099816,,,,
989,32.99709415435791,180,196.0,0.009483450125932703,,,,
990,33.029919385910034,180,196.0,0.009492641190767297,,,,
991,33.084402084350586,180,196.0,0.009507896346330652,,,,
992,33.10912895202637,180,196.0,0.009514819869279871,,,,
993,33.14193940162659,180,196.0,0.009524006795167933,,,,
994,33.17425298690796,180,196.0,0.009533054599046718,,,,
995,33.206029653549194,180,196.0,0.009541952065706263,,,,
996,33.23709559440613,180,196.0,0.009550650529146203,,,,
997,33.269936084747314,180,196.0,0.009559845866441735,,,,
998,33.30203104019165,180,196.0,0.009568832453966149,,,,
999,33.333991050720215,180,196.0,0.009577781256914147,,,,
1000,33.36209750175476,180,196.0,0.00958565106320382,,,,
1001,33.39306926727295,180,196.0,0.009594323157548912,,,,
1002,33.42491841316223,180,196.0,0.00960324091839791,,,,
1003,33.47342085838318,179,196.7,0.009616870105504997,,,,
1004,33.5053927898407,179,196.7,0.00962585421824456,,,,
1005,33.537084102630615,179,196.7,0.009634759477138526,,,,
1006,33.569360971450806,179,196.7,0.009643829277277,,,,
1007,33.60108160972595,178,197.39999999999998,0.00965277449727059,,,,
1008,33.63308143615723,178,197.39999999999998,0.00966179844832421,,,,
1009,33.664916038513184,178,197.39999999999998,0.00967077580618859,,,,
1010,33.6970956325531,177,198.1,0.009679882631301887,,,,
1011,33.729435205459595,177,198.1,0.009689034730434424,,,,
1012,33.76109480857849,177,198.1,0.009697994398117072,,,,
1013,33.79304504394531,176,198.79999999999998,0.00970706826496125,,,,
1014,33.84708285331726,176,198.79999999999998,0.009722415002822884,,,,
1015,33.87610626220703,175,199.5,0.009730686674356469,,,,
1016,33.90758538246155,175,199.5,0.009739658223629006,,,,
1017,33.93908429145813,174,200.2,0.009748666911602028,,,,
1018,33.971441984176636,174,200.2,0.00975792121171952,,,,
1019,34.003522634506226,173,200.89999999999998,0.009767128358364113,,,,
1020,34.03544282913208,173,200.89999999999998,0.009776289454221734,,,,
1021,34.06693744659424,172,201.6,0.009785359904050835,,,,
1022,34.09909772872925,172,201.6,0.009794622065305717,,,,
1023,34.131516456604004,171,202.29999999999998,0.009803991077661521,,,,
1024,34.16360950469971,171,202.29999999999998,0.009813265968561179,,,,
1025,34.1950478553772,171,202.29999999999998,0.009822351651906973,,,,
1026,34.25255846977234,170,203.0,0.009839029730081564,,,,
1027,34.28449487686157,170,203.0,0.009848291288137441,,,,
1028,34.30990672111511,169,203.7,0.009855686134815222,,,,
1029,34.3410861492157,169,203.7,0.009864759348392493,,,,
1030,34.37322211265564,168,204.39999999999998,0.009874143049716956,,,,
1031,34.401097536087036,168,204.39999999999998,0.009882282673358923,,,,
1032,34.433095932006836,167,205.1,0.009891658203363424,,,,
1033,34.46491885185242,166,205.79999999999998,0.009901014141798026,,,,
1034,34.497084617614746,166,205.79999999999998,0.009910470876932151,,,,
1035,34.528899908065796,165,206.5,0.00991985638761521,,,,
1036,34.56096386909485,165,206.5,0.00992931525611878,,,,
1037,34.61707353591919,165,206.5,0.00994586760783196,,,,
1038,34.643028259277344,164,207.2,0.009953550205945974,,,,
1039,34.67503547668457,164,207.2,0.009963024342298513,,,,
1040,34.707022190093994,163,207.89999999999998,0.009972524396181112,,,,
1041,34.73907423019409,163,207.89999999999998,0.009982043852090842,,,,
1042,34.77111291885376,163,207.89999999999998,0.009991559342622764,,,,
1043,34.80912804603577,163,207.89999999999998,0.01000284983539582,,,,
1044,34.84442400932312,163,207.89999999999998,0.010013332736492164,,,,
1045,34.86992073059082,163,207.89999999999998,0.010020905262708671,,,,
1046,34.9018759727478,163,207.89999999999998,0.010030395969629295,,,,
1047,34.934091091156006,163,207.89999999999998,0.010039963859796532,,,,
1048,34.965984582901,163,207.89999999999998,0.010049436226844795,,,,
1049,35.01408672332764,162,208.6,0.010063770664691933,,,,
1050,35.045090675354004,162,208.6,0.010073009842395791,,,,
1051,35.07708930969238,162,208.6,0.010082545435428627,,,,
1052,35.10992670059204,162,208.6,0.010092330977916725,,,,
1053,35.14108943939209,161,209.29999999999998,0.01010164863681794,,,,
1054,35.17394948005676,162,208.6,0.010111440928936012,,,,
1055,35.206018686294556,162,208.6,0.010120997552394874,,,,
1056,35.23710298538208,161,209.29999999999998,0.010130291757822044,,,,
1057,35.269914627075195,161,209.29999999999998,0.010140102438688285,,,,
1058,35.30209136009216,541,-56.699999999999996,0.01013749612331391,,,,
1059,35.33992409706116,541,-56.699999999999996,0.010134431671619423,,,,
1060,35.387978076934814,541,-56.699999999999996,0.010130539299249655,,,,
1061,35.41389799118042,541,-56.699999999999996,0.01012843978619576,,,,
1062,35.44510364532471,541,-56.699999999999996,0.010125912128210074,,,,
1063,35.477091550827026,541,-56.699999999999996,0.010123321107864385,,,,
1064,35.50992703437805,541,-56.699999999999996,0.010120661433696752,,,,
1065,35.54110503196716,157,212.1,0.010130108366966253,,,,
1066,35.57309150695801,157,212.1,0.010139800268888478,,,,
1067,35.60610103607178,157,212.1,0.01014980215620995,,,,
1068,35.63809418678284,157,212.1,0.010159496080875402,,,,
1069,35.670100927352905,157,212.1,0.010169194123268133,,,,
1070,35.7020845413208,156,212.79999999999998,0.010178917141914373,,,,
1071,35.75593614578247,156,212.79999999999998,0.010195288029670721,,,,
1072,35.7811074256897,156,212.79999999999998,0.010202940098762518,,,,
1073,35.8138644695282,156,212.79999999999998,0.010212898240089422,,,,
1074,35.846078634262085,156,212.79999999999998,0.010222691346168523,,,,
1075,35.87710738182068,156,212.79999999999998,0.010232124085426337,,,,
1076,35.90991687774658,156,212.79999999999998,0.01024209817218781,,,,
1077,35.942155838012695,157,212.1,0.010251866577148444,,,,
1078,35.974058628082275,157,212.1,0.010261533122539527,,,,
1079,36.00609755516052,157,212.1,0.010271240917444236,,,,
1080,36.038079500198364,157,212.1,0.010280931446790702,,,,
1081,36.06998538970947,158,211.39999999999998,0.010290567025423056,,,,
1082,36.10204529762268,158,211.39999999999998,0.010300249117612846,,,,
1083,36.15594220161438,158,211.39999999999998,0.010316525982618339,,,,
1084,36.18409514427185,158,211.39999999999998,0.010325028171300895,,,,
1085,36.21391487121582,158,211.39999999999998,0.010334033728837974,,,,
1086,36.24509620666504,158,211.39999999999998,0.010343450492143637,,,,
1087,36.2770938873291,158,211.39999999999998,0.010353113791704184,,,,
1088,36.30991721153259,158,211.39999999999998,0.010363026435613638,,,,
1089,36.34190559387207,158,211.39999999999998,0.01037268692708016,,,,
1090,36.37414288520813,158,211.39999999999998,0.010382422589063649,,,,
1091,36.40609526634216,158,211.39999999999998,0.010392072208166127,,,,
1092,36.43736410140991,158,211.39999999999998,0.010401515396356587,,,,
1093,36.469937562942505,158,211.39999999999998,0.01041135258173943,,,,
1094,36.52308773994446,158,211.39999999999998,0.01042740393519402,,,,
1095,36.555930376052856,158,211.39999999999998,0.010437322411298756,,,,
1096,36.581058979034424,158,211.39999999999998,0.01044491124939919,,,,
1097,36.61409640312195,158,211.39999999999998,0.010454888551473623,,,,
1098,36.646034479141235,158,211.39999999999998,0.010464533850431447,,,,
1099,36.677112340927124,158,211.39999999999998,0.010473919364690786,,,,
1100,36.70991802215576,158,211.39999999999998,0.010483826680421835,,,,
1101,36.741113901138306,158,211.39999999999998,0.010493247835874563,,,,
1102,36.774051666259766,158,211.39999999999998,0.010503195040941243,,,,
1103,36.80604815483093,158,211.39999999999998,0.010512857980489735,,,,
1104,36.837096214294434,158,211.39999999999998,0.010522234494447712,,,,
1105,36.86993408203125,158,211.39999999999998,0.01053215153050423,,,,
1106,36.91801381111145,159,210.7,0.01054662352895737,,,,
1107,36.949631690979004,159,210.7,0.010556140510797504,,,,
1108,36.98210048675537,159,210.7,0.01056591361832619,,,,
1109,37.014103412628174,159,210.7,0.010575546499013905,,,,
1110,37.04604125022888,159,210.7,0.010585159788131718,,,,
1111,37.07709717750549,158,211.39999999999998,0.010594538678169254,,,,
1112,37.11092662811279,158,211.39999999999998,0.010604755172252659,,,,
1113,37.147939920425415,158,211.39999999999998,0.010615933186531071,,,,
1114,37.17998695373535,158,211.39999999999998,0.010625611390590673,,,,
1115,37.21254587173462,158,211.39999999999998,0.010635444183826451,,,,
1116,37.24404740333557,158,211.39999999999998,0.010644957646369939,,,,
1117,37.29245138168335,158,211.39999999999998,0.010659575647830967,,,,
1118,37.3243932723999,158,211.39999999999998,0.010669222098827365,,,,
1119,37.3559365272522,158,211.39999999999998,0.010678748161792758,,,,
1120,37.38808274269104,158,211.39999999999998,0.010688456318855288,,,,
1121,37.42066669464111,158,211.39999999999998,0.010698296672344211,,,,
1122,37.44611978530884,159,210.7,0.010705958052635196,,,,
1123,37.47395944595337,159,210.7,0.010714337790489201,,,,
1124,37.51593017578125,160,210.0,0.010726929009437565,,,,
1125,37.54810070991516,160,210.0,0.010736580169677738,,,,
1126,37.57402420043945,161,209.29999999999998,0.0107443312933445,,,,
1127,37.606099367141724,161,209.29999999999998,0.01075392176818848,,,,
1128,37.644049406051636,162,208.6,0.010765230879783634,,,,
1129,37.68613314628601,162,208.6,0.010777771834373477,,,,
1130,37.7235848903656,162,208.6,0.010788932454109194,,,,
1131,37.755948305130005,163,207.89999999999998,0.010798544388294222,,,,
1132,37.78009843826294,163,207.89999999999998,0.010805716977834704,,,,
1133,37.81259608268738,164,207.2,0.010815336280584337,,,,
1134,37.84470891952515,164,207.2,0.010824841680288317,,,,
1135,37.87668180465698,165,206.5,0.010834273681402209,,,,
1136,37.90807127952576,165,206.5,0.010843533576488498,,,,
1137,37.94078993797302,166,205.79999999999998,0.010853152862071995,,,,
1138,37.97275233268738,166,205.79999999999998,0.010862549806118015,,,,
1139,38.00406360626221,166,205.79999999999998,0.010871755320549015,,,,
1140,38.06008863449097,166,205.79999999999998,0.01088822667884827,,,,
1141,38.09239721298218,166,205.79999999999998,0.010897725400924686,,,,
1142,38.117149353027344,167,205.1,0.01090497777795792,,,,
1143,38.15007424354553,168,204.39999999999998,0.010914591845989231,,,,
1144,38.18110156059265,169,203.7,0.010923620795249942,,,,
1145,38.21392369270325,169,203.7,0.010933172035694126,,,,
1146,38.246028661727905,170,203.0,0.010942482476711276,,,,
1147,38.277103662490845,170,203.0,0.01095149422693253,,,,
1148,38.3099319934845,171,202.29999999999998,0.010960981614589695,,,,
1149,38.34197211265564,171,202.29999999999998,0.010970241209030155,,,,
1150,38.37401247024536,171,202.29999999999998,0.010979500872373585,,,,
1151,38.42205834388733,172,201.6,0.010993338083982472,,,,
1152,38.45312190055847,172,201.6,0.011002284388303762,,,,
1153,38.48610782623291,172,201.6,0.011011784334898,,,,
1154,38.51374554634094,173,200.89999999999998,0.011019716360569006,,,,
1155,38.545742988586426,173,200.89999999999998,0.01102889962649346,,,,
1156,38.57711982727051,173,200.89999999999998,0.01103790477919579,,,,
1157,38.6097457408905,173,200.89999999999998,0.011047268416404729,,,,
1158,38.641717195510864,174,200.2,0.011056412252426153,,,,
1159,38.68009805679321,174,200.2,0.011067389178752905,,,,
1160,38.71293330192566,174,200.2,0.011076780058860786,,,,
1161,38.745126247406006,175,199.5,0.011085955048322684,,,,
1162,38.777121782302856,175,199.5,0.011095073775768287,,,,
1163,38.825305700302124,175,199.5,0.011108806192398079,,,,
1164,38.856287479400635,175,199.5,0.011117635999441154,,,,
1165,38.88910937309265,175,199.5,0.011126990239143379,,,,
1166,38.921199798583984,175,199.5,0.011136136010408408,,,,
1167,38.95294451713562,175,199.5,0.011145183255195625,,,,
1168,38.9850914478302,175,199.5,0.011154345130443579,,,,
1169,39.0171685218811,175,199.5,0.011163487096548087,,,,
1170,39.04909610748291,175,199.5,0.011172586458444602,,,,
1171,39.081183195114136,175,199.5,0.011181731278419501,,,,
1172,39.112927198410034,175,199.5,0.011190778319358833,,,,
1173,39.145135164260864,176,198.79999999999998,0.011199925381660468,,,,
1174,39.196454763412476,176,198.79999999999998,0.011214500147819526,,,,
1175,39.222015380859375,177,198.1,0.011221733802557,,,,
1176,39.253124475479126,177,198.1,0.011230537676334388,,,,
1177,39.28593945503235,178,197.39999999999998,0.011239791500568396,,,,
1178,39.31710648536682,178,197.39999999999998,0.011248580603122718,,,,
1179,39.34994983673096,178,197.39999999999998,0.011257842428207404,,,,
1180,39.38198709487915,178,197.39999999999998,0.011266876935005195,,,,
1181,39.41400504112244,178,197.39999999999998,0.011275905995845803,,,,
1182,39.44185256958008,178,197.39999999999998,0.011283758998870857,,,,
1183,39.4847137928009,178,197.39999999999998,0.01129584586381913,,,,
1184,39.51615381240845,179,196.7,0.01130468050932885,,,,
1185,39.544835805892944,179,196.7,0.011312740149497992,,,,
1186,39.595951795578,179,196.7,0.011327103742599494,,,,
1187,39.620944023132324,180,196.0,0.011334101566314704,,,,
1188,39.652106523513794,180,196.0,0.011342827066421516,,,,
1189,39.68410658836365,180,196.0,0.011351787084579474,,,,
1190,39.71664619445801,180,196.0,0.011360898174285894,,,,
1191,39.747944831848145,181,195.29999999999998,0.011369630494117742,,,,
1192,39.78012299537659,181,195.29999999999998,0.011378608201742177,,,,
1193,39.81212258338928,181,195.29999999999998,0.011387536086797719,,,,
1194,39.84468960762024,182,194.6,0.011396589719533924,,,,
1195,39.876736640930176,182,194.6,0.011405498794794086,,,,
1196,39.90794491767883,182,194.6,0.011414174695730214,,,,
1197,39.95609641075134,182,194.6,0.011427560810804371,,,,
1198,39.995951652526855,183,193.89999999999998,0.011438600712776189,,,,
1199,40.0281183719635,183,193.89999999999998,0.01144751089406014,,,,
1200,40.061097383499146,183,193.89999999999998,0.011456646080255513,,,,
1201,40.09245800971985,184,193.2,0.011465301613092426,,,,
1202,40.117539167404175,184,193.2,0.0114722240126133,,,,
1203,40.147953510284424,184,193.2,0.011480618371248249,,,,
1204,40.18010950088501,185,192.5,0.01148946126866341,,,,
1205,40.21263527870178,185,192.5,0.011498405857563022,,,,
1206,40.24463510513306,185,192.5,0.011507205809831623,,,,
1207,40.27610969543457,186,191.79999999999998,0.011515829847574238,,,,
1208,40.3079469203949,186,191.79999999999998,0.011524553247213368,,,,
1209,40.363595485687256,186,191.79999999999998,0.011539800954103474,,,,
1210,40.396353244781494,185,192.5,0.01154880933785439,,,,
1211,40.42111253738403,185,192.5,0.011555618143320089,,,,
1212,40.453126192092896,185,192.5,0.011564421898365027,,,,
1213,40.485984086990356,185,192.5,0.011573457819461829,,,,
1214,40.51712512969971,184,193.2,0.01158205274724961,,,,
1215,40.549949407577515,184,193.2,0.011591112247943885,,,,
1216,40.581385135650635,184,193.2,0.011599788508892065,,,,
1217,40.614171743392944,184,193.2,0.011608837612628943,,,,
1218,40.646154165267944,184,193.2,0.011617664761066442,,,,
1219,40.678061723709106,184,193.2,0.011626471247196204,,,,
1220,40.73211693763733,183,193.89999999999998,0.011641444541454321,,,,
1221,40.76441836357117,183,193.89999999999998,0.011650392036437994,,,,
1222,40.78994679450989,183,193.89999999999998,0.01165746341180802,,,,
1223,40.82200789451599,183,193.89999999999998,0.011666344336509711,,,,
1224,40.85312747955322,183,193.89999999999998,0.011674964461565024,,,,
1225,40.88599681854248,182,194.6,0.011684102137804037,,,,
1226,40.9171142578125,182,194.6,0.011692752785921103,,,,
1227,40.949949741363525,182,194.6,0.011701881050348289,,,,
1228,40.98211312294006,182,194.6,0.011710822470426567,,,,
1229,41.01405429840088,182,194.6,0.011719702117204673,,,,
1230,41.04611158370972,182,194.6,0.01172861404252053,,,,
1231,42.234375953674316,181,195.29999999999998,0.012060139801740654,,,,
1232,43.748958587646484,163,207.89999999999998,0.012509970844030388,,,,
