,Time,Position,P,I,kp,ki,kd,Setpoint,Pixel Lenght
0,0.0,10,390,0.0,1.0,0.05,0.01,400.0,595.0
1,0.013992071151733398,10,390,0.2728453874588013,,,,,
2,0.037516117095947266,10,390,0.7315642833709718,,,,,
3,0.06949806213378906,10,390,1.3552122116088867,,,,,
4,0.10098814964294434,10,390,1.9692689180374146,,,,,
5,0.13000059127807617,10,390,2.5350115299224854,,,,,
6,0.1619892120361328,10,390,3.15878963470459,,,,,
7,0.19422578811645508,10,390,3.787402868270874,,,,,
8,0.2262423038482666,10,390,4.411724925041199,,,,,
9,0.2852964401245117,10,390,5.5632805824279785,,,,,
10,0.310469388961792,10,390,6.054153084754944,,,,,
11,0.34296536445617676,10,390,6.687824606895447,,,,,
12,0.3749241828918457,10,390,7.311021566390991,,,,,
13,0.4068317413330078,10,390,7.933218955993652,,,,,
14,0.4379749298095703,10,390,8.540511131286621,,,,,
15,0.4720451831817627,10,390,9.204881072044373,,,,,
16,0.5089583396911621,10,390,9.924687623977661,,,,,
17,0.5412633419036865,10,390,10.554635167121887,,,,,
18,0.566678524017334,10,390,11.050231218338013,,,,,
19,0.6033148765563965,10,390,11.764640092849731,,,,,
20,0.6369693279266357,10,390,12.420901894569397,,,,,
21,0.6779816150665283,10,390,13.220641493797302,,,,,
22,0.7104530334472656,10,390,13.85383415222168,,,,,
23,0.7428023815155029,10,390,14.484646439552307,,,,,
24,0.7747862339019775,10,390,15.108331561088562,,,,,
25,0.8059632778167725,10,390,15.716283917427063,,,,,
26,0.8439431190490723,10,390,16.45689082145691,,,,,
27,0.8774333000183105,10,390,17.109949350357056,,,,,
28,0.9089717864990234,10,390,17.724949836730957,,,,,
29,0.9347994327545166,10,390,18.228588938713074,,,,,
30,0.9667949676513672,10,390,18.85250186920166,,,,,
31,0.9980268478393555,10,390,19.46152353286743,,,,,
32,1.0499470233917236,10,390,20.47396695613861,,,,,
33,1.0859358310699463,10,390,21.175748705863953,,,,,
34,1.1174240112304688,10,390,21.78976821899414,,,,,
35,1.1409456729888916,10,390,22.248440623283386,,,,,
36,1.1732888221740723,10,390,22.87913203239441,,,,,
37,1.2049291133880615,10,390,23.4961177110672,,,,,
38,1.2374582290649414,10,390,24.130435466766357,,,,,
39,1.2694222927093506,10,390,24.753734707832336,,,,,
40,1.3014400005340576,10,390,25.378080010414124,,,,,
41,1.3334805965423584,10,390,26.00287163257599,,,,,
42,1.3648993968963623,10,390,26.615538239479065,,,,,
43,1.4212322235107422,10,390,27.714028358459473,,,,,
44,1.4453394412994385,10,390,28.18411910533905,,,,,
45,1.4773876667022705,10,390,28.809059500694275,,,,,
46,1.509369134902954,10,390,29.432698130607605,,,,,
47,1.5409283638000488,10,390,30.048103094100952,,,,,
48,1.5733182430267334,10,390,30.6797057390213,,,,,
49,1.6049227714538574,10,390,31.29599404335022,,,,,
50,1.6369097232818604,10,390,31.919739603996277,,,,,
51,1.6771864891052246,10,390,32.70513653755188,,,,,
52,1.7089524269104004,10,390,33.32457232475281,,,,,
53,1.7409389019012451,10,390,33.94830858707428,,,,,
54,1.7683939933776855,10,390,34.48368287086487,,,,,
55,1.8147847652435303,10,390,35.38830292224884,,,,,
56,1.8463892936706543,10,390,36.00459122657776,,,,,
57,1.8789472579956055,10,390,36.63947153091431,,,,,
58,1.9164073467254639,10,390,37.369943261146545,,,,,
59,1.9458022117614746,10,390,37.943143129348755,,,,,
60,1.9747166633605957,10,390,38.506974935531616,,,,,
61,2.0059092044830322,10,390,39.11522948741913,,,,,
62,2.0379257202148438,10,390,39.73955154418945,,,,,
63,2.070768356323242,10,390,40.37998294830322,,,,,
64,2.1028406620025635,10,390,41.00539290904999,,,,,
65,2.128868341445923,10,390,41.512932658195496,,,,,
66,2.176917314529419,10,390,42.44988763332367,,,,,
67,2.209141969680786,10,390,43.07826840877533,,,,,
68,2.243572473526001,10,390,43.74966323375702,,,,,
69,2.2799134254455566,10,390,44.458311796188354,,,,,
70,2.3085455894470215,10,390,45.01663899421692,,,,,
71,2.3403706550598145,10,390,45.63722777366638,,,,,
72,2.372509241104126,10,390,46.26393020153046,,,,,
73,2.4131691455841064,10,390,47.056798338890076,,,,,
74,2.4379031658172607,10,390,47.539111733436584,,,,,
75,2.4703779220581055,10,390,48.17236948013306,,,,,
76,2.501906156539917,10,390,48.78717005252838,,,,,
77,2.534712314605713,10,390,49.4268901348114,,,,,
78,2.589195966720581,10,390,50.48932135105133,,,,,
79,2.613370895385742,10,390,50.96073246002197,,,,,
80,2.6453917026519775,10,390,51.58513820171356,,,,,
81,2.6769142150878906,10,390,52.19982719421387,,,,,
82,2.7093684673309326,10,390,52.832685112953186,,,,,
83,2.749274730682373,10,390,53.610857248306274,,,,,
84,2.770484447479248,10,390,54.02444672584534,,,,,
85,2.802473545074463,10,390,54.648234128952026,,,,,
86,2.8338897228240967,10,390,55.260849595069885,,,,,
87,2.8663487434387207,10,390,55.893800497055054,,,,,
88,2.9088354110717773,10,390,56.72229051589966,,,,,
89,2.9572031497955322,10,390,57.66546142101288,,,,,
90,2.9818692207336426,10,390,58.14644980430603,,,,,
91,3.013868808746338,10,390,58.77044177055359,,,,,
92,3.0466694831848145,10,390,59.41005492210388,,,,,
93,3.0787227153778076,10,390,60.03509294986725,,,,,
94,3.1103527545928955,10,390,60.65187871456146,,,,,
95,3.1427526473999023,10,390,61.283676624298096,,,,,
96,3.173877477645874,10,390,61.89061081409454,,,,,
97,3.206911325454712,10,390,62.53477084636688,,,,,
98,3.2390778064727783,10,390,63.16201722621918,,,,,
99,3.2703471183776855,10,390,63.77176880836487,,,,,
100,3.31785249710083,10,390,64.69812369346619,,,,,
101,3.3503305912017822,10,390,65.33144652843475,,,,,
102,3.3827412128448486,10,390,65.96345365047455,,,,,
103,3.414663076400757,10,390,66.58592998981476,,,,,
104,3.44674015045166,10,390,67.21143293380737,,,,,
105,3.4787206649780273,10,390,67.83505296707153,,,,,
106,3.5102946758270264,10,390,68.45074617862701,,,,,
107,3.5427236557006836,10,390,69.08311128616333,,,,,
108,3.5746853351593018,10,390,69.70636403560638,,,,,
109,3.6067118644714355,10,390,70.330881357193,,,,,
110,3.638686180114746,10,390,70.95438051223755,,,,,
111,3.6699516773223877,10,390,71.56405770778656,,,,,
112,3.7238335609436035,10,390,72.61475443840027,,,,,
113,3.7512383460998535,10,390,73.14914774894714,,,,,
114,3.7823431491851807,10,390,73.75569140911102,,,,,
115,3.813861608505249,10,390,74.37030136585236,,,,,
116,3.846324920654297,10,390,75.00333595275879,,,,,
117,3.8786733150482178,10,390,75.63412964344025,,,,,
118,3.910317897796631,10,390,76.2511990070343,,,,,
119,3.9426968097686768,10,390,76.8825877904892,,,,,
120,3.9738264083862305,10,390,77.4896149635315,,,,,
121,4.006589412689209,10,390,78.12849354743958,,,,,
122,4.038610935211182,10,390,78.75291323661804,,,,,
123,4.0867555141448975,9,391,79.69413975477218,,,,,
124,4.117819786071777,9,391,80.30144627094268,,,,,
125,4.150295972824097,9,391,80.93635572195052,,,,,
126,4.18258810043335,9,391,81.56766681671141,,,,,
127,4.214613437652588,9,391,82.19376215934751,,,,,
128,4.246654510498047,9,391,82.82016513347624,,,,,
129,4.279172658920288,9,391,83.45589493513106,,,,,
130,4.31028938293457,9,391,84.06422688961027,,,,,
131,4.343123197555542,9,391,84.70612796545026,,,,,
132,4.3738110065460205,9,391,85.30607463121412,,,,,
133,4.406689643859863,9,391,85.94885199069974,,,,,
134,4.438717842102051,9,391,86.5750032663345,,,,,
135,4.48581862449646,9,391,87.4958235621452,,,,,
136,4.518543004989624,9,391,88.13558520078656,,,,,
137,4.5502800941467285,9,391,88.75604529380796,,,,,
138,4.582625150680542,9,391,89.38839114904401,,,,,
139,4.61471152305603,9,391,90.01567972898481,,,,,
140,4.645798921585083,9,391,90.62343837022779,,,,,
141,4.678617715835571,9,391,91.26504579782484,,,,,
142,4.710284471511841,10,390,91.8825475335121,,,,,
143,4.742782115936279,10,390,92.51625159978865,,,,,
144,4.7747802734375,10,390,93.14021567106245,,,,,
145,4.807279825210571,10,390,93.77395693063734,,,,,
146,4.854093790054321,11,389,94.68448854684827,,,,,
147,4.886756181716919,11,389,95.3197720646858,,,,,
148,4.919047594070435,11,389,95.94784003496167,,,,,
149,4.950266361236572,12,388,96.55348411798474,,,,,
150,4.983772277832031,12,388,97.20349889993665,,,,,
151,5.020748853683472,12,388,97.92084447145459,,,,,
152,5.051729679107666,13,387,98.52032344341275,,,,,
153,5.072716236114502,13,387,98.92641332149502,,,,,
154,5.104253768920898,13,387,99.5366645812988,,,,,
155,5.1357927322387695,13,387,100.1469435214996,,,,,
156,5.167790651321411,13,387,100.7661032557487,,,,,
157,5.200246095657349,13,387,101.3941161036491,,,,,
158,5.249142408370972,13,387,102.34025975465771,,,,,
159,5.285964727401733,13,387,103.05277162790294,,,,,
160,5.317531585693359,13,387,103.66359033584591,,,,,
161,5.349247217178345,13,387,104.27728780508038,,,,,
162,5.381257057189941,13,387,104.89667820930477,,,,,
163,5.412991523742676,13,387,105.51074013710017,,,,,
164,5.44536280632019,13,387,106.13712445497508,,,,,
165,5.4736363887786865,13,387,106.68421827554698,,,,,
166,5.5102832317352295,13,387,107.39333468675609,,,,,
167,5.542733669281006,13,387,108.02125065326686,,,,,
168,5.574906587600708,13,387,108.6437966227531,,,,,
169,5.623237133026123,13,387,109.57899267673488,,,,,
170,5.650757312774658,13,387,110.11150815486904,,,,,
171,5.680765151977539,13,387,110.69215984344478,,,,,
172,5.712741136550903,13,387,111.31089514493938,,,,,
173,5.7437944412231445,13,387,111.91177659034724,,,,,
174,5.775760173797607,13,387,112.5303135156631,,,,,
175,5.807745933532715,13,387,113.14923796653743,,,,,
176,5.839744567871094,13,387,113.76841154098506,,,,,
177,5.875406503677368,13,387,114.45846999883646,,,,,
178,5.905932903289795,13,387,115.04915583133692,,,,,
179,5.937745809555054,13,387,115.66473556756968,,,,,
180,5.9857094287872314,13,387,116.59283159971231,,,,,
181,6.017689943313599,13,387,117.21165455579752,,,,,
182,6.0617969036102295,13,387,118.06512423753733,,,,,
183,6.087738513946533,13,387,118.5670943975448,,,,,
184,6.123742580413818,13,387,119.26377308368677,,,,,
185,6.157214879989624,13,387,119.91146208047861,,,,,
186,6.1887335777282715,13,387,120.52134888172144,,,,,
187,6.2137463092803955,13,387,121.00534523725504,,,,,
188,6.246752500534058,13,387,121.6440150380134,,,,,
189,6.278788089752197,13,387,122.2639036893844,,,,,
190,6.310222864151001,13,387,122.87216657400126,,,,,
191,6.34282922744751,13,387,123.5030997037887,,,,,
192,6.396195411682129,13,387,124.53573536872858,,,,,
193,6.422206878662109,13,387,125.0390572547912,,,,,
194,6.453435182571411,13,387,125.6433249354362,,,,,
195,6.4807093143463135,13,387,126.17107938528056,,,,,
196,6.512689590454102,13,387,126.78989772796626,,,,,
197,6.548668622970581,13,387,127.48609200716014,,,,,
198,6.575650930404663,13,387,128.00819965600962,,,,,
199,6.608073949813843,13,387,128.63558508157726,,,,,
200,6.639697313308716,14,386,129.2459159970283,,,,,
201,6.6719934940338135,14,386,129.8692322850227,,,,,
202,6.706424236297607,15,385,130.53202407360072,,,,,
203,6.752695798873901,16,384,131.42043807506556,,,,,
204,6.784174919128418,17,383,132.02326322793957,,,,,
205,6.816712141036987,18,382,132.64472416639325,,,,,
206,6.848701477050781,19,381,133.25412101745601,,,,,
207,6.8807079792022705,20,380,133.8622445583343,,,,,
208,6.912705659866333,21,379,134.4686006069183,,,,,
209,6.944838285446167,22,378,135.07590723037717,,,,,
210,6.976715564727783,23,377,135.67679394483562,,,,,
211,7.008721351623535,25,375,136.27690244913097,,,,,
212,7.04090690612793,26,374,136.87877231836316,,,,,
213,7.0723443031311035,27,373,137.46507977247236,,,,,
214,7.104836702346802,29,371,138.06781377792356,,,,,
215,7.152943849563599,30,370,138.9577960014343,,,,,
216,7.184154987335205,32,368,139.53208093643187,,,,,
217,7.216684103012085,34,366,140.12736375331878,,,,,
218,7.248399496078491,36,364,140.70458390712736,,,,,
219,7.28082275390625,38,362,141.29144487380978,,,,,
220,7.312758684158325,40,360,141.86629161834713,,,,,
221,7.344501256942749,42,358,142.43448367118833,,,,,
222,7.376695871353149,44,356,143.00754780769347,,,,,
223,7.408668518066406,47,353,143.57186502218246,,,,,
224,7.439677000045776,49,351,144.11606388092042,,,,,
225,7.472416639328003,51,349,144.68737058639528,,,,,
226,7.520958185195923,54,346,145.52713932991028,,,,,
227,7.556662321090698,56,344,146.1412504673004,,,,,
228,7.589151382446289,58,342,146.696813416481,,,,,
229,7.6213743686676025,61,339,147.24299303293228,,,,,
230,7.65334677696228,63,337,147.7817281126976,,,,,
231,7.686739206314087,66,334,148.33938168287278,,,,,
232,7.717583656311035,68,332,148.85139955282213,,,,,
233,7.748144626617432,70,330,149.35565556287767,,,,,
234,7.778036832809448,73,327,149.84439313411715,,,,,
235,7.8092100620269775,76,324,150.34939944744113,,,,,
236,7.841866493225098,79,321,150.87353516817095,,,,,
237,7.87361216545105,82,318,151.37829135656358,,,,,
238,7.920879602432251,85,315,152.1227534890175,,,,,
239,7.952653408050537,88,312,152.61842485666276,,,,,
240,7.984133958816528,91,309,153.1047993659973,,,,,
241,8.01647663116455,95,305,153.59802511930465,,,,,
242,8.048442125320435,98,302,154.08070408105849,,,,,
243,8.079649686813354,101,299,154.54725712537763,,,,,
244,8.112467527389526,104,296,155.03296116590496,,,,,
245,8.144435167312622,107,293,155.5012870907783,,,,,
246,8.175645589828491,110,290,155.9538382172584,,,,,
247,8.208814859390259,114,286,156.4281587719917,,,,,
248,8.242228984832764,117,283,156.90096864700314,,,,,
249,8.288630962371826,121,279,157.54827623367305,,,,,
250,8.320930242538452,125,275,157.99239133596416,,,,,
251,8.351910591125488,128,272,158.41372407674785,,,,,
252,8.384105205535889,133,267,158.8435221791267,,,,,
253,8.416080474853516,136,264,159.26559573411936,,,,,
254,8.448437452316284,140,260,159.68623644113535,,,,,
255,8.480168342590332,144,256,160.09239183664317,,,,,
256,8.512433528900146,148,252,160.49893318414684,,,,,
257,8.544514656066895,152,248,160.89673916101452,,,,,
258,8.57636284828186,155,245,161.28687951564785,,,,,
259,8.608448266983032,159,241,161.67350881099696,,,,,
260,8.656513929367065,162,238,162.24549019336695,,,,,
261,8.687642335891724,166,234,162.60969254970544,,,,,
262,8.71963620185852,170,230,162.9776220083236,,,,,
263,8.755460023880005,174,226,163.38243119716637,,,,,
264,8.790120840072632,178,222,163.76716625690452,,,,,
265,8.823626279830933,182,218,164.13237555026998,,,,,
266,8.84892988204956,186,214,164.4031240940093,,,,,
267,8.881176233291626,191,209,164.7400984644889,,,,,
268,8.918671369552612,195,205,165.12442361116402,,,,,
269,8.950893640518188,200,200,165.44664632081978,,,,,
270,8.978262662887573,204,196,165.71486274003976,,,,,
271,9.010575532913208,208,192,166.02506629228586,,,,,
272,9.058096170425415,213,187,166.469384253025,,,,,
273,9.088937282562256,217,183,166.75158042907708,,,,,
274,9.119642734527588,222,178,167.02485895156855,,,,,
275,9.154301643371582,226,174,167.3263914585113,,,,,
276,9.18549656867981,230,170,167.59154832363123,,,,,
277,9.216487169265747,235,165,167.8472207784652,,,,,
278,9.247618436813354,239,161,168.09782748222347,,,,,
279,9.281599283218384,243,157,168.36457712650295,,,,,
280,9.313619375228882,248,152,168.60792982578275,,,,,
281,9.346086502075195,252,148,168.84818656444546,,,,,
282,9.37827205657959,257,143,169.07831327915187,,,,,
283,9.437077283859253,262,138,169.48406934738153,,,,,
284,9.468462944030762,267,133,169.69278398752206,,,,,
285,9.490823984146118,271,129,169.8370126962661,,,,,
286,9.526243209838867,276,124,170.05661189556113,,,,,
287,9.55759072303772,281,119,170.24312959909432,,,,,
288,9.590067863464355,286,114,170.42824929952613,,,,,
289,9.622442483901978,290,110,170.60630971193305,,,,,
290,9.654600143432617,295,105,170.7751374244689,,,,,
291,9.686647415161133,299,101,170.9369761466979,,,,,
292,9.714443922042847,304,96,171.07039937973013,,,,,
293,9.745050191879272,309,91,171.20965790748588,,,,,
294,9.777523517608643,313,87,171.35091687440863,,,,,
295,9.825257539749146,318,82,171.5466263651847,,,,,
296,9.857590675354004,322,78,171.67272559404364,,,,,
297,9.88857388496399,326,74,171.7873634696006,,,,,
298,9.921586275100708,331,69,171.90125621557226,,,,,
299,9.953556537628174,335,65,172.00515956878652,,,,,
300,9.98551344871521,340,60,172.10103030204763,,,,,
301,10.017526626586914,345,55,172.18906654119482,,,,,
302,10.048567533493042,350,50,172.26666880846014,,,,,
303,10.081519842147827,354,46,172.34245911836615,,,,,
304,10.113515138626099,359,41,172.4080494761466,,,,,
305,10.145471811294556,364,36,172.4655714869498,,,,,
306,10.201546907424927,368,32,172.5552916407584,,,,,
307,10.237058639526367,372,28,172.60500806570042,,,,,
308,10.262574434280396,377,23,172.63435122966754,,,,,
309,10.294559955596924,381,19,172.66473747491824,,,,,
310,10.326584100723267,385,15,172.688755583763,,,,,
311,10.358580350875854,388,12,172.70795333385456,,,,,
312,10.390011072158813,392,8,172.72052562236775,,,,,
313,10.422622442245483,396,4,172.72704789638507,,,,,
314,10.454602479934692,399,1,172.72864689826955,,,,,
315,10.486719131469727,403,-3,172.7238294005393,,,,,
316,10.518888711929321,407,-7,172.71257004737845,,,,,
317,10.550040483474731,411,-11,172.69543657302847,,,,,
318,10.604548454284668,414,-14,172.6572809934615,,,,,
319,10.629036903381348,417,-17,172.63646581172932,,,,,
320,10.661198377609253,420,-20,172.60430433750142,,,,,
321,10.693223237991333,424,-24,172.56587450504293,,,,,
322,10.725168228149414,427,-27,172.5227487683295,,,,,
323,10.757206201553345,429,-29,172.4762937068938,,,,,
324,10.789029359817505,432,-32,172.42537665367115,,,,,
325,10.821013927459717,434,-34,172.37100288867939,,,,,
326,10.853437900543213,429,-29,172.3239881277083,,,,,
327,10.885469198226929,430,-30,172.27594118118273,,,,,
328,10.917325258255005,432,-32,172.22497148513781,,,,,
329,10.965184211730957,433,-33,172.1460042119025,,,,,
330,10.996542692184448,434,-34,172.09269479513156,,,,,
331,11.025498628616333,435,-35,172.04202190637577,,,,,
332,11.057446002960205,436,-36,171.9845166325568,,,,,
333,11.088523864746094,436,-36,171.9285764813422,,,,,
334,11.121558427810669,437,-37,171.86746253967272,,,,,
335,11.153640508651733,437,-37,171.80811069011673,,,,,
336,11.185818195343018,437,-37,171.74858196973787,,,,,
337,11.217902421951294,438,-38,171.68762193918215,,,,,
338,11.24951958656311,438,-38,171.6275493264197,,,,,
339,11.281483888626099,437,-37,171.5684153676032,,,,,
340,11.3405282497406,437,-37,171.45918329954137,,,,,
341,11.367094993591309,436,-36,171.41136316061008,,,,,
342,11.403496265411377,435,-35,171.34766093492496,,,,,
343,11.436978340148926,435,-35,171.28906730413425,,,,,
344,11.459975481033325,434,-34,171.24997216463078,,,,,
345,11.491675615310669,433,-33,171.19766694307316,,,,,
346,11.524035930633545,431,-31,171.1475084543227,,,,,
347,11.556188583374023,430,-30,171.09927947521197,,,,,
348,11.596997737884521,428,-28,171.04214665889728,,,,,
349,11.621172189712524,427,-27,171.00951114892948,,,,,
350,11.66051197052002,426,-26,170.95836943387974,,,,,
351,11.68651270866394,424,-24,170.92716854810703,,,,,
352,11.741272926330566,422,-22,170.86693230867374,,,,,
353,11.765172719955444,421,-21,170.84183752536762,,,,,
354,11.797166585922241,419,-19,170.81144335269917,,,,,
355,11.82899260520935,427,-27,170.76847822666159,,,,,
356,11.861224174499512,425,-25,170.72818876504888,,,,,
357,11.892970085144043,422,-22,170.6932682633399,,,,,
358,11.924502849578857,419,-19,170.6633121371268,,,,,
359,11.957508087158203,417,-17,170.63525768518437,,,,,
360,11.988987684249878,414,-14,170.6132219672202,,,,,
361,12.02133560180664,411,-11,170.59543061256397,,,,,
362,12.05215072631836,408,-8,170.58310456275927,,,,,
363,12.097497463226318,404,-4,170.57403521537768,,,,,
364,12.128493309020996,402,-2,170.5709356307982,,,,,
365,12.160480499267578,398,2,170.57413434982286,,,,,
366,12.193362951278687,395,5,170.58235496282563,,,,,
367,12.225409507751465,392,8,170.59517358541476,,,,,
368,12.257418870925903,388,12,170.61437920331943,,,,,
369,12.288473129272461,385,15,170.63766989707935,,,,,
370,12.323653936386108,382,18,170.66933262348164,,,,,
371,12.360761404037476,378,22,170.71015083789814,,,,,
372,12.392716884613037,375,25,170.7500951886176,,,,,
373,12.42348313331604,372,28,170.7931679368018,,,,,
374,12.455430507659912,368,32,170.84428373575201,,,,,
375,12.504344463348389,365,35,170.92988315820685,,,,,
376,12.536407232284546,362,38,170.99080241918554,,,,,
377,12.568025588989258,358,42,171.05720096826545,,,,,
378,12.603446960449219,355,45,171.13689905405036,,,,,
379,12.629429340362549,352,48,171.19925676584236,,,,,
380,12.669447422027588,349,51,171.3013028740882,,,,,
381,12.7014901638031,346,54,171.3878182768821,,,,,
382,12.726642370223999,343,57,171.45950206518165,,,,,
383,12.764981508255005,340,60,171.57451947927467,,,,,
384,12.797101259231567,337,63,171.67569669485084,,,,,
385,12.828784704208374,334,66,171.7802520632743,,,,,
386,12.876932859420776,331,69,171.9463631987571,,,,,
387,12.901895523071289,329,71,172.0349806547164,,,,,
388,12.934046268463135,326,74,172.15393841266624,,,,,
389,12.962075233459473,323,77,172.26184992790215,,,,,
390,12.99346137046814,320,80,172.38739447593682,,,,,
391,13.025975465774536,317,83,172.52232797145837,,,,,
392,13.058067560195923,314,86,172.66032397747034,,,,,
393,13.08821415901184,312,88,172.7929690122604,,,,,
394,13.120315313339233,309,91,172.93902926445003,,,,,
395,13.15143632888794,307,93,173.0837419867515,,,,,
396,13.18423843383789,305,95,173.23955198526377,,,,,
397,13.215397834777832,303,97,173.3906750798225,,,,,
398,13.264192342758179,301,99,173.6322078943252,,,,,
399,13.29544711112976,299,101,173.7900444746017,,,,,
400,13.327884674072266,297,103,173.9570979237556,,,,,
401,13.35977578163147,295,105,174.12452623844143,,,,,
402,13.392292499542236,294,106,174.2968648433685,,,,,
403,13.429916858673096,292,108,174.50003638267515,,,,,
404,13.45744252204895,290,110,174.65142753124235,,,,,
405,13.495639562606812,289,111,174.86342110633848,,,,,
406,13.52798843383789,287,113,175.04619222879407,,,,,
407,13.554976224899292,285,115,175.20137202739713,,,,,
408,13.58561086654663,284,116,175.37905294895168,,,,,
409,13.63341760635376,283,117,175.6587223768234,,,,,
410,13.666189193725586,282,118,175.85207474231717,,,,,
411,13.697412490844727,280,120,176.03941452503202,,,,,
412,13.729490518569946,279,121,176.2334865927696,,,,,
413,13.762121438980103,278,122,176.43253520727154,,,,,
414,13.794227361679077,277,123,176.62998663187022,,,,,
415,13.825888395309448,276,124,176.82628504037854,,,,,
416,13.857982397079468,275,125,177.02687255144116,,,,,
417,13.889406442642212,275,125,177.2232728362083,,,,,
418,13.922062635421753,274,126,177.42900685071942,,,,,
419,13.954029560089111,274,126,177.6303984761238,,,,,
420,14.00616455078125,273,127,177.96145566701887,,,,,
421,14.037399291992188,273,127,178.1597962737083,,,,,
422,14.064221858978271,273,127,178.33011957406995,,,,,
423,14.096293210983276,273,127,178.53377265930175,,,,,
424,14.136394739151001,273,127,178.7884173631668,,,,,
425,14.16379976272583,273,127,178.96243926286695,,,,,
426,14.197245597839355,273,127,179.17482031583785,,,,,
427,14.225228548049927,273,127,179.35251204967497,,,,,
428,14.255882501602173,274,126,179.54563195705413,,,,,
429,14.28740382194519,274,126,179.74421627521514,,,,,
430,14.319386959075928,275,125,179.94411088228225,,,,,
431,14.351349592208862,275,125,180.1438773393631,,,,,
432,14.406373262405396,276,124,180.4850240945816,,,,,
433,14.438325881958008,276,124,180.6831303358078,,,,,
434,14.476444244384766,277,123,180.91755826473235,,,,,
435,14.508401155471802,278,122,181.11249542236328,,,,,
436,14.541036605834961,279,121,181.3099398970604,,,,,
437,14.572399616241455,280,120,181.49811795949935,,,,,
438,14.604397296905518,281,119,181.68850415945053,,,,,
439,14.636861801147461,282,118,181.880044734478,,,,,
440,14.67071795463562,283,117,182.0781032323837,,,,,
441,14.694322109222412,285,115,182.21382712125776,,,,,
442,14.722837448120117,286,114,182.37636455297468,,,,,
443,14.771318197250366,287,113,182.6502807855606,,,,,
444,14.803375482559204,288,112,182.82980158329008,,,,,
445,14.835439205169678,290,110,183.00615205764768,,,,,
446,14.864952802658081,291,109,183.16700116395947,,,,,
447,14.897054195404053,292,108,183.34034868478773,,,,,
448,14.9353666305542,293,107,183.545320212841,,,,,
449,14.966435670852661,294,106,183.70998612642285,,,,,
450,14.993417263031006,296,104,183.85029040575023,,,,,
451,15.024491310119629,297,103,184.01032174825664,,,,,
452,15.056471109390259,299,101,184.17181973457332,,,,,
453,15.088225603103638,300,100,184.3305922031402,,,,,
454,15.119206190109253,302,98,184.48239707946772,,,,,
455,15.16794466972351,304,96,184.71634178161617,,,,,
456,15.199935913085938,306,94,184.86670062541958,,,,,
457,15.233904600143433,308,92,185.02295658588406,,,,,
458,15.263886213302612,311,89,185.1563747644424,,,,,
459,15.297865390777588,313,87,185.30418418645854,,,,,
460,15.32884669303894,316,84,185.43430565595622,,,,,
461,15.361825942993164,319,81,185.56787161827083,,,,,
462,15.39180850982666,321,79,185.68630275726315,,,,,
463,15.423787593841553,324,76,185.80782327651974,,,,,
464,15.455767631530762,326,74,185.9261494159698,,,,,
465,15.487748861312866,329,71,186.03968278169629,,,,,
466,15.536295652389526,331,69,186.20716921091076,,,,,
467,15.567816495895386,334,66,186.3111879944801,,,,,
468,15.600797653198242,337,63,186.4150786399841,,,,,
469,15.631787776947021,339,61,186.50959851741788,,,,,
470,15.663801670074463,342,58,186.60243880748746,,,,,
471,15.696794033050537,344,56,186.69481742382047,,,,,
472,15.728774309158325,347,53,186.7795651555061,,,,,
473,15.760329961776733,349,51,186.86003206968306,,,,,
474,15.792008876800537,352,48,186.93606146574018,,,,,
475,15.823469638824463,354,46,187.0084212183952,,,,,
476,15.855449914932251,356,44,187.07877782583233,,,,,
477,15.887431383132935,359,41,187.14433983564373,,,,,
478,15.937399625778198,361,39,187.241777908802,,,,,
479,15.97037959098816,364,36,187.30114184617992,,,,,
480,15.999363660812378,367,33,187.3489655613899,,,,,
481,16.032341480255127,369,31,187.40008118152616,,,,,
482,16.063321828842163,371,29,187.44500268697738,,,,,
483,16.09530234336853,374,26,187.48657735586164,,,,,
484,16.127607107162476,376,24,187.5253430724144,,,,,
485,16.159586668014526,378,22,187.56052058935165,,,,,
486,16.19210195541382,381,19,187.59141011238097,,,,,
487,16.223588228225708,384,16,187.61659913063048,,,,,
488,16.256569147109985,386,14,187.63968577384946,,,,,
489,16.30453896522522,388,12,187.6684676647186,,,,,
490,16.336519718170166,390,10,187.68445804119108,,,,,
491,16.369499683380127,393,7,187.69600102901455,,,,,
492,16.399483919143677,395,5,187.70349708795544,,,,,
493,16.43146061897278,397,3,187.7082935929298,,,,,
494,16.463442087173462,399,1,187.70989266633984,,,,,
495,16.49542236328125,400,0,187.70989266633984,,,,,
496,16.52740240097046,402,-2,187.70669466257092,,,,,
497,16.559382677078247,404,-4,187.70029860734937,,,,,
498,16.591362714767456,405,-5,187.69230359792707,,,,,
499,16.623343229293823,406,-6,187.68270944356917,,,,,
500,16.671313285827637,408,-8,187.66352142095565,,,,,
501,16.7034854888916,409,-9,187.64904392957686,,,,,
502,16.736456394195557,410,-10,187.63255847692488,,,,,
503,16.768310070037842,411,-11,187.61503895521162,,,,,
504,16.80030369758606,412,-12,187.59584277868268,,,,,
505,16.832008838653564,413,-13,187.5752344369888,,,,,
506,16.86441969871521,414,-14,187.55254683494564,,,,,
507,16.895291805267334,414,-14,187.53093636035916,,,,,
508,16.934269189834595,415,-15,187.50170332193372,,,,,
509,16.96579647064209,416,-16,187.47648149728772,,,,,
510,16.998154878616333,416,-16,187.45059477090834,,,,,
511,17.03031635284424,417,-17,187.42325751781462,,,,,
512,17.075342178344727,418,-18,187.3827342748642,,,,,
513,17.105908155441284,418,-18,187.35522489547728,,,,,
514,17.13641047477722,418,-18,187.32777280807494,,,,,
515,17.167267560958862,419,-19,187.2984585762024,,,,,
516,17.19927978515625,419,-19,187.26804696321489,,,,,
517,17.231884241104126,419,-19,187.2370727300644,,,,,
518,17.264503240585327,419,-19,187.20608468055727,,,,,
519,17.296482801437378,419,-19,187.17570409774783,,,,,
520,17.327463626861572,419,-19,187.14627231359484,,,,,
521,17.35944390296936,419,-19,187.11589105129244,,,,,
522,17.392423152923584,420,-20,187.0829118013382,,,,,
523,17.439239263534546,420,-20,187.03609569072725,,,,,
524,17.4725399017334,420,-20,187.0027950525284,,,,,
525,17.504275798797607,420,-20,186.9710591554642,,,,,
526,17.542266368865967,420,-20,186.93306858539583,,,,,
527,17.577351808547974,420,-20,186.89798314571382,,,,,
528,17.60925054550171,419,-19,186.86767934560777,,,,,
529,17.641260385513306,419,-19,186.83726999759676,,,,,
530,17.67343020439148,419,-19,186.8067086696625,,,,,
531,17.706233739852905,418,-18,186.7771854877472,,,,,
532,17.729514360427856,417,-17,186.7573969602585,,,,,
533,17.762646436691284,417,-17,186.72923469543457,,,,,
534,17.807981729507446,416,-16,186.69296646118164,,,,,
535,17.845641374588013,415,-15,186.66472172737122,,,,,
536,17.878023147583008,414,-14,186.64205448627473,,,,,
537,17.908732652664185,413,-13,186.62209330797197,,,,,
538,17.94223690032959,412,-12,186.6019907593727,,,,,
539,17.97423505783081,411,-11,186.58439177274704,,,,,
540,18.005077123641968,410,-10,186.56897073984146,,,,,
541,18.032687187194824,409,-9,186.55654621124268,,,,,
542,18.063822507858276,408,-8,186.5440920829773,,,,,
543,18.09563660621643,407,-7,186.53295714855196,,,,,
544,18.127039194107056,406,-6,186.52353637218476,,,,,
545,18.16001868247986,405,-5,186.51529150009156,,,,,
546,18.207990646362305,404,-4,186.5056971073151,,,,,
547,18.23996925354004,402,-2,186.50249924659732,,,,,
548,18.27220058441162,401,-1,186.50088768005375,,,,,
549,18.302963256835938,401,-1,186.49934954643254,,,,,
550,18.33595323562622,400,0,186.49934954643254,,,,,
551,18.367933750152588,399,1,186.50094857215885,,,,,
552,18.39990472793579,398,2,186.50414566993717,,,,,
553,18.4318950176239,397,3,186.50894421339038,,,,,
554,18.463865041732788,396,4,186.51533821821215,,,,,
555,18.495845556259155,395,5,186.52333334684374,,,,,
556,18.528825998306274,394,6,186.53322747945788,,,,,
557,18.560805559158325,393,7,186.5444203257561,,,,,
558,18.609204053878784,392,8,186.5637797236443,,,,,
559,18.639214277267456,391,9,186.5772843241692,,,,,
560,18.67159104347229,390,10,186.59347270727162,,,,,
561,18.70420241355896,389,11,186.6114089608193,,,,,
562,18.73521614074707,387,13,186.63156788349156,,,,,
563,18.76777172088623,387,13,186.65272901058202,,,,,
564,18.79921317100525,385,15,186.67631009817129,,,,,
565,18.831788301467896,385,15,186.70074144601827,,,,,
566,18.864230632781982,383,17,186.72831742763523,,,,,
567,18.905223846435547,382,18,186.76521131992345,,,,,
568,18.936144828796387,382,18,186.7930402040482,,,,,
569,18.9781813621521,381,19,186.8329749107361,,,,,
570,19.010191202163696,380,20,186.8649847507477,,,,,
571,19.042205572128296,379,21,186.89859983921053,,,,,
572,19.075193166732788,379,21,186.93323681354525,,,,,
573,19.105680227279663,378,22,186.96677258014682,,,,,
574,19.138203382492065,378,22,187.00254805088048,,,,,
575,19.170464754104614,377,23,187.03964862823491,,,,,
576,19.202336311340332,377,23,187.076300919056,,,,,
577,19.234503746032715,375,25,187.11651021242147,,,,,
578,19.266810178756714,374,26,187.15850857496267,,,,,
579,19.298142433166504,373,27,187.2008071184159,,,,,
580,19.35694932937622,373,27,187.280196428299,,,,,
581,19.381439208984375,371,29,187.31570675373084,,,,,
582,19.413192749023438,371,29,187.36174938678747,,,,,
583,19.444140672683716,371,29,187.40662387609487,,,,,
584,19.476175785064697,370,30,187.45467654466634,,,,,
585,19.507665157318115,370,30,187.50191060304647,,,,,
586,19.540170431137085,370,30,187.55066851377492,,,,,
587,19.573012590408325,370,30,187.59993175268178,,,,,
588,19.604809284210205,369,31,187.6492166280747,,,,,
589,19.637304067611694,369,31,187.699583542347,,,,,
590,19.66565179824829,369,31,187.74352252483374,,,,,
591,19.697505712509155,369,31,187.79289609193808,,,,,
592,19.753642797470093,369,31,187.87990857362752,,,,,
593,19.785146236419678,369,31,187.92873890399937,,,,,
594,19.814207315444946,369,31,187.97378357648853,,,,,
595,19.84015154838562,369,31,188.01399713754657,,,,,
596,19.871150016784668,369,31,188.0620447635651,,,,,
597,19.903900146484375,369,31,188.11280746459965,,,,,
598,19.93629789352417,369,31,188.16302397251133,,,,,
599,19.96770429611206,369,31,188.21170389652255,,,,,
600,20.001334190368652,369,31,188.26383023262028,,,,,
601,20.032862901687622,369,31,188.31269973516467,,,,,
602,20.064616441726685,369,31,188.36191772222523,,,,,
603,20.112146854400635,369,31,188.43558986186986,,,,,
604,20.14415454864502,369,31,188.48520178794865,,,,,
605,20.175140857696533,369,31,188.5332305669785,,,,,
606,20.207154750823975,369,31,188.582852101326,,,,,
607,20.239153623580933,369,31,188.6324503540993,,,,,
608,20.272576570510864,369,31,188.68425592184067,,,,,
609,20.303648710250854,369,31,188.73241773843765,,,,,
610,20.336111307144165,369,31,188.78273476362227,,,,,
611,20.368118286132812,369,31,188.83234558105468,,,,,
612,20.399131536483765,370,30,188.8788654565811,,,,,
613,20.43811821937561,370,30,188.93734548091888,,,,,
614,20.469626426696777,371,29,188.98303238153457,,,,,
615,20.51294755935669,371,29,189.04584802389144,,,,,
616,20.544458389282227,372,28,189.08996318578718,,,,,
617,20.576457977294922,373,27,189.13316262960433,,,,,
618,20.60846781730652,374,26,189.17477542161942,,,,,
619,20.640140295028687,375,25,189.21436601877213,,,,,
620,20.672157526016235,375,25,189.25438755750656,,,,,
621,20.715591430664062,376,24,189.30650824308395,,,,,
622,20.73660969734192,377,23,189.33067924976348,,,,,
623,20.768134832382202,378,22,189.3653568983078,,,,,
624,20.812103033065796,378,22,189.41372191905975,,,,,
625,20.842143297195435,379,21,189.44526419639587,,,,,
626,20.886118412017822,379,21,189.49143806695938,,,,,
627,20.916876077651978,380,20,189.52219573259353,,,,,
628,20.9485924243927,381,19,189.55232626199722,,,,,
629,20.98060703277588,381,19,189.58274013996123,,,,,
630,21.00843334197998,382,18,189.6077838182449,,,,,
631,21.04410696029663,382,18,189.6398900747299,,,,,
632,21.076097011566162,383,17,189.667081618309,,,,,
633,21.104440689086914,384,16,189.6897565603256,,,,,
634,21.13610029220581,385,15,189.71350126266478,,,,,
635,21.168484210968018,386,14,189.73617000579833,,,,,
636,21.212112188339233,387,13,189.76452819108962,,,,,
637,21.24405074119568,388,12,189.7836913228035,,,,,
638,21.29208540916443,389,11,189.8101103901863,,,,,
639,21.32409906387329,389,11,189.82771790027618,,,,,
640,21.355677127838135,390,10,189.8435069322586,,,,,
641,21.387969970703125,391,9,189.85803871154786,,,,,
642,21.419102430343628,391,9,189.87204831838608,,,,,
643,21.452190399169922,392,8,189.8852835059166,,,,,
644,21.483080863952637,392,8,189.89763969182968,,,,,
645,21.5155827999115,393,7,189.90901536941527,,,,,
646,21.548232555389404,393,7,189.92044278383253,,,,,
647,21.5740909576416,394,6,189.92820030450818,,,,,
648,21.60579752922058,394,6,189.93771227598188,,,,,
649,21.653101444244385,395,5,189.94953825473783,,,,,
650,21.685912370681763,396,4,189.9561004400253,,,,,
651,21.717738389968872,396,4,189.96246564388272,,,,,
652,21.74936318397522,397,3,189.96720936298368,,,,,
653,21.781633138656616,398,2,189.97043635845182,,,,,
654,21.813074588775635,399,1,189.97200843095777,,,,,
655,21.845590591430664,400,0,189.97200843095777,,,,,
656,21.878653287887573,401,-1,189.97035529613493,,,,,
657,21.904958963394165,402,-2,189.96772472858427,,,,,
658,21.937066316604614,403,-3,189.9629086256027,,,,,
659,21.96782636642456,403,-3,189.9582946181297,,,,,
660,22.014808177947998,404,-4,189.94889825582501,,,,,
661,22.04777717590332,404,-4,189.94230445623396,,,,,
662,22.079757690429688,404,-4,189.93590835332867,,,,,
663,22.11175036430359,405,-5,189.9279101848602,,,,,
664,22.14571714401245,405,-5,189.91941848993298,,,,,
665,22.175788402557373,405,-5,189.91190067529675,,,,,
666,22.208172082901,405,-5,189.90380475521084,,,,,
667,22.240049839019775,405,-5,189.89583531618115,,,,,
668,22.273029565811157,406,-6,189.88594139814373,,,,,
669,22.304012775421143,406,-6,189.87664643526074,,,,,
670,22.336516857147217,406,-6,189.8668952107429,,,,,
671,22.367533683776855,406,-6,189.857590162754,,,,,
672,22.41543674468994,406,-6,189.84321924448008,,,,,
673,22.447190284729004,406,-6,189.83369318246835,,,,,
674,22.480529069900513,407,-7,189.82202460765834,,,,,
675,22.51279354095459,406,-6,189.8123452663421,,,,,
676,22.545253038406372,407,-7,189.80098444223398,,,,,
677,22.577544450759888,406,-6,189.79129701852793,,,,,
678,22.609047412872314,406,-6,189.7818461298942,,,,,
679,22.640498399734497,406,-6,189.77241083383555,,,,,
680,22.67203140258789,406,-6,189.76295093297952,,,,,
681,22.703737497329712,405,-5,189.75502440929407,,,,,
682,22.735968112945557,404,-4,189.7485782861709,,,,,
683,22.78350281715393,403,-3,189.74144808053964,,,,,
684,22.815575122833252,402,-2,189.7382408499717,,,,,
685,22.848128080368042,401,-1,189.73661320209496,,,,,
686,22.880030632019043,400,0,189.73661320209496,,,,,
687,22.913050174713135,399,1,189.73826417922967,,,,,
688,22.943434476852417,398,2,189.7413026094436,,,,,
689,22.975590705871582,397,3,189.7461260437965,,,,,
690,23.00726866722107,396,4,189.75246163606639,,,,,
691,23.040019750595093,395,5,189.7606494069099,,,,,
692,23.0720317363739,394,6,189.77025300264353,,,,,
693,23.10416340827942,394,6,189.77989250421518,,,,,
694,23.135849714279175,393,7,189.7909827113151,,,,,
695,23.183480262756348,392,8,189.81003493070597,,,,,
696,23.215611696243286,391,9,189.82449407577508,,,,,
697,23.247546672821045,390,10,189.84046156406396,,,,,
698,23.27902388572693,389,11,189.8577740311622,,,,,
699,23.311473608016968,388,12,189.8772438645362,,,,,
700,23.343584775924683,387,13,189.89811612367623,,,,,
701,23.379569053649902,386,14,189.92330511808387,,,,,
702,23.41230297088623,385,15,189.94785555601112,,,,,
703,23.443996906280518,384,16,189.97321070432656,,,,,
704,23.476215600967407,383,17,190.00059659481042,,,,,
705,23.507500171661377,382,18,190.02875270843498,,,,,
706,23.563800811767578,381,19,190.08223831653586,,,,,
707,23.589351654052734,380,20,190.10778915882102,,,,,
708,23.62101149559021,379,21,190.14103199243536,,,,,
709,23.65399718284607,378,22,190.17731624841682,,,,,
710,23.685977458953857,377,23,190.21409356594077,,,,,
711,23.711961030960083,376,24,190.24527385234825,,,,,
712,23.7429416179657,376,24,190.28245055675498,,,,,
713,23.774922370910645,375,25,190.32242649793616,,,,,
714,23.80696678161621,375,25,190.36248201131812,,,,,
715,23.838993310928345,374,26,190.4041164994239,,,,,
716,23.87598490715027,373,27,190.4540551543235,,,,,
717,23.927540063858032,372,28,190.52623237371438,,,,,
718,23.959241151809692,371,29,190.57219895124427,,,,,
719,23.991463661193848,370,30,190.6205327153205,,,,,
720,24.023406505584717,370,30,190.6684469819068,,,,,
721,24.055418252944946,369,31,190.71806519031517,,,,,
722,24.08745241165161,369,31,190.7677181363105,,,,,
723,24.118975400924683,368,32,190.81815491914742,,,,,
724,24.151456356048584,368,32,190.87012444734566,,,,,
725,24.183375597000122,368,32,190.92119523286811,,,,,
726,24.21540355682373,368,32,190.9724399685859,,,,,
727,24.247436046600342,368,32,191.02369195222846,,,,,
728,24.27928638458252,368,32,191.07465249299995,,,,,
729,24.32741141319275,368,32,191.15165253877632,,,,,
730,24.35896587371826,368,32,191.20213967561713,,,,,
731,24.391373872756958,368,32,191.25399247407904,,,,,
732,24.42337465286255,368,32,191.305193722248,,,,,
733,24.455012321472168,368,32,191.35581399202337,,,,,
734,24.487391233444214,368,32,191.40762025117866,,,,,
735,24.518959283828735,368,32,191.4581291317939,,,,,
736,24.555795192718506,368,32,191.51706658601753,,,,,
737,24.580971002578735,368,32,191.5573478817939,,,,,
738,24.613575220108032,367,33,191.61114484071723,,,,,
739,24.645556926727295,367,33,191.663914656639,,,,,
740,24.698945999145508,368,32,191.74933717250815,,,,,
741,24.72415018081665,368,32,191.78966386318197,,,,,
742,24.75593900680542,368,32,191.840525984764,,,,,
743,24.787445068359375,368,32,191.89093568325035,,,,,
744,24.820769786834717,369,31,191.94258899688714,,,,,
745,24.851516723632812,369,31,191.9902467489242,,,,,
746,24.884181261062622,370,30,192.0392435550689,,,,,
747,24.916239500045776,370,30,192.08733091354364,,,,,
748,24.948243856430054,371,29,192.13373723030085,,,,,
749,24.980346202850342,371,29,192.18028563261026,,,,,
750,25.01193928718567,372,28,192.22451595067972,,,,,
751,25.044169902801514,373,27,192.2680272817611,,,,,
752,25.09197974205017,374,26,192.33018007278437,,,,,
753,25.12419629096985,375,25,192.37045075893397,,,,,
754,25.15615940093994,376,24,192.4088064908981,,,,,
755,25.187426567077637,377,23,192.44476373195644,,,,,
756,25.220173358917236,379,21,192.47914786338802,,,,,
757,25.25194501876831,380,20,192.5109195232391,,,,,
758,25.283928155899048,382,18,192.53970434665675,,,,,
759,25.31622552871704,383,17,192.56715711355204,,,,,
760,25.34742045402527,385,15,192.5905533075332,,,,,
761,25.379409313201904,386,14,192.61294550895687,,,,,
762,25.41220998764038,387,13,192.63426594734187,,,,,
763,25.46023154258728,388,12,192.66307888031002,,,,,
764,25.491602659225464,389,11,192.68033299446103,,,,,
765,25.523924112319946,390,10,192.69649372100827,,,,,
766,25.556145668029785,390,10,192.7126044988632,,,,,
767,25.58819341659546,391,9,192.72702598571775,,,,,
768,25.62019181251526,392,8,192.73982534408566,,,,,
769,25.6521418094635,392,8,192.75260534286497,,,,,
770,25.683899879455566,393,7,192.76372066736218,,,,,
771,25.716261863708496,393,7,192.7750473618507,,,,,
772,25.748207092285156,394,6,192.7846309304237,,,,,
773,25.780200719833374,395,5,192.79262933731076,,,,,
774,25.81222367286682,395,5,192.80063507556912,,,,,
775,25.866915464401245,396,4,192.811573433876,,,,,
776,25.89889645576477,397,3,192.81637058258053,,,,,
777,25.925493001937866,397,3,192.8203600645065,,,,,
778,25.95749068260193,397,3,192.82515971660612,,,,,
779,25.989392518997192,398,2,192.82834990024566,,,,,
780,26.021036624908447,398,2,192.83151431083678,,,,,
781,26.05340003967285,398,2,192.83475065231323,,,,,
782,26.085530757904053,399,1,192.83635718822478,,,,,
783,26.117539405822754,399,1,192.83795762062073,,,,,
784,26.14938712120056,399,1,192.83955000638963,,,,,
785,26.180854082107544,399,1,192.84112335443498,,,,,
786,26.235371828079224,400,0,192.84112335443498,,,,,
787,26.26138138771057,400,0,192.84112335443498,,,,,
788,26.293482303619385,400,0,192.84112335443498,,,,,
789,26.325470209121704,401,-1,192.83952395915986,,,,,
790,26.356881141662598,401,-1,192.8379534125328,,,,,
791,26.389363288879395,401,-1,192.83632930517197,,,,,
792,26.421512842178345,401,-1,192.83472182750702,,,,,
793,26.45352602005005,401,-1,192.83312116861345,,,,,
794,26.485413789749146,401,-1,192.83152678012848,,,,,
795,26.516875505447388,401,-1,192.82995369434357,,,,,
796,26.545029163360596,401,-1,192.8285460114479,,,,,
797,26.59303092956543,401,-1,192.82614592313766,,,,,
798,26.6250262260437,401,-1,192.82454615831375,,,,,
799,26.656875610351562,401,-1,192.82295368909837,,,,,
800,26.68886661529541,401,-1,192.82135413885118,,,,,
801,26.721019506454468,401,-1,192.8197464942932,,,,,
802,26.756861925125122,402,-2,192.81616225242615,,,,,
803,26.791422128677368,402,-2,192.81270623207092,,,,,
804,26.822850942611694,402,-2,192.80956335067748,,,,,
805,26.855361700057983,402,-2,192.80631227493285,,,,,
806,26.887329578399658,402,-2,192.8031154870987,,,,,
807,26.914323568344116,402,-2,192.80041608810424,,,,,
808,26.943294048309326,402,-2,192.79751904010772,,,,,
809,26.991278409957886,402,-2,192.79272060394285,,,,,
810,27.0242862701416,403,-3,192.7877694249153,,,,,
811,27.05488681793213,403,-3,192.7831793427467,,,,,
812,27.087753772735596,403,-3,192.77824929952618,,,,,
813,27.1188485622406,403,-3,192.77358508110044,,,,,
814,27.151209115982056,403,-3,192.76873099803922,,,,,
815,27.183834075927734,403,-3,192.76383725404736,,,,,
816,27.215702533721924,403,-3,192.75905698537824,,,,,
817,27.24750304222107,403,-3,192.75428690910337,,,,,
818,27.278861045837402,403,-3,192.74958320856092,,,,,
819,27.311792850494385,404,-4,192.7429968476295,,,,,
820,27.365439653396606,403,-3,192.73494982719419,,,,,
821,27.404784679412842,403,-3,192.72904807329175,,,,,
822,27.430334091186523,403,-3,192.7252156615257,,,,,
823,27.462839126586914,402,-2,192.72196515798566,,,,,
824,27.490050315856934,402,-2,192.71924403905865,,,,,
825,27.52184247970581,401,-1,192.71765443086622,,,,,
826,27.552830934524536,401,-1,192.71610500812528,,,,,
827,27.585304498672485,401,-1,192.71448132991787,,,,,
828,27.617323398590088,400,0,192.71448132991787,,,,,
829,27.653647422790527,400,0,192.71448132991787,,,,,
830,27.68484377861023,399,1,192.71604114770886,,,,,
831,27.722790241241455,399,1,192.71793847084044,,,,,
832,27.77197241783142,398,2,192.72285668849943,,,,,
833,27.795838356018066,398,2,192.7252432823181,,,,,
834,27.82730460166931,398,2,192.72838990688322,,,,,
835,27.86776614189148,397,3,192.73445913791656,,,,,
836,27.899805068969727,397,3,192.7392649769783,,,,,
837,27.931806087493896,396,4,192.74566518068312,,,,,
838,27.963819980621338,395,5,192.75366865396498,,,,,
839,27.995306730270386,394,6,192.7631146788597,,,,,
840,28.02794647216797,394,6,192.77290660142896,,,,,
841,28.05981731414795,393,7,192.78406139612196,,,,,
842,28.08548402786255,392,8,192.7943280816078,,,,,
843,28.13280963897705,391,9,192.81562460660933,,,,,
844,28.16621208190918,390,10,192.8323258280754,,,,,
845,28.202807903289795,389,11,192.85245352983475,,,,,
846,28.235291004180908,388,12,192.8719433903694,,,,,
847,28.26022744178772,387,13,192.88815207481383,,,,,
848,28.29181957244873,387,13,192.90868695974348,,,,,
849,28.324127435684204,386,14,192.9313024640083,,,,,
850,28.355799674987793,386,14,192.95347303152082,,,,,
851,28.38827919960022,386,14,192.9762086987495,,,,,
852,28.420217037200928,385,15,193.00016207695003,,,,,
853,28.452784776687622,384,16,193.0262162685394,,,,,
854,28.480767726898193,384,16,193.04860262870787,,,,,
855,28.527794122695923,383,17,193.08857506513593,,,,,
856,28.560790538787842,382,18,193.11827183961864,,,,,
857,28.593145847320557,382,18,193.1473916172981,,,,,
858,28.623841762542725,381,19,193.17655273675916,,,,,
859,28.655656099319458,381,19,193.20677635669705,,,,,
860,28.687226057052612,380,20,193.2383463144302,,,,,
861,28.718794345855713,379,21,193.27149301767346,,,,,
862,28.751391649246216,379,21,193.3057201862335,,,,,
863,28.783277988433838,378,22,193.34079515933988,,,,,
864,28.822792291641235,378,22,193.384260892868,,,,,
865,28.85558795928955,378,22,193.42033612728116,,,,,
866,28.90331482887268,377,23,193.47522202730175,,,,,
867,28.93520712852478,377,23,193.51189817190166,,,,,
868,28.96378469467163,377,23,193.54476237297055,,,,,
869,28.99077272415161,377,23,193.57579860687252,,,,,
870,29.023430585861206,377,23,193.61335514783855,,,,,
871,29.05549144744873,378,22,193.6486220955848,,,,,
872,29.087381601333618,378,22,193.6837012648582,,,,,
873,29.11895179748535,378,22,193.7184284806251,,,,,
874,29.151792764663696,379,21,193.75291149616237,,,,,
875,29.190245389938354,379,21,193.79328675270077,,,,,
876,29.223437070846558,379,21,193.82813801765437,,,,,
877,29.2668776512146,380,20,193.8715785980224,,,,,
878,29.29825520515442,380,20,193.90295615196223,,,,,
879,29.342743158340454,380,20,193.94744410514826,,,,,
880,29.366506338119507,380,20,193.97120728492732,,,,,
881,29.395769596099854,380,20,194.00047054290766,,,,,
882,29.428228616714478,380,20,194.0329295635223,,,,,
883,29.46773886680603,380,20,194.07243981361384,,,,,
884,29.49975085258484,380,20,194.10445179939265,,,,,
885,29.53173589706421,380,20,194.13643684387202,,,,,
886,29.56369161605835,381,19,194.16679477691645,,,,,
887,29.595232486724854,381,19,194.19675860404962,,,,,
888,29.62820839881897,381,19,194.22808572053904,,,,,
889,29.675222873687744,381,19,194.27274947166438,,,,,
890,29.7077476978302,381,19,194.3036480545997,,,,,
891,29.739746570587158,382,18,194.33244704008098,,,,,
892,29.765714168548584,382,18,194.35581787824626,,,,,
893,29.796740293502808,382,18,194.38374139070507,,,,,
894,29.8292076587677,383,17,194.41133865118022,,,,,
895,29.860724210739136,383,17,194.43812772035594,,,,,
896,29.89273452758789,383,17,194.46533648967738,,,,,
897,29.92552423477173,383,17,194.49320774078365,,,,,
898,29.961743593215942,384,16,194.52218322753902,,,,,
899,29.98922562599182,384,16,194.54416885375971,,,,,
900,30.04352331161499,384,16,194.58760700225824,,,,,
901,30.077838897705078,383,17,194.6167752504348,,,,,
902,30.100207805633545,383,17,194.63578882217402,,,,,
903,30.131712913513184,383,17,194.66256816387173,,,,,
904,30.164268016815186,383,17,194.69024000167843,,,,,
905,30.195708990097046,383,17,194.716964828968,,,,,
906,30.22820472717285,384,16,194.74296141862865,,,,,
907,30.26170587539673,384,16,194.76976233720777,,,,,
908,30.299222230911255,385,15,194.79789960384366,,,,,
909,30.33188819885254,385,15,194.82239907979962,,,,,
910,30.36342430114746,386,14,194.84447435140606,,,,,
911,30.389111280441284,387,13,194.86117088794705,,,,,
912,30.43734622001648,387,13,194.89252359867092,,,,,
913,30.469207048416138,388,12,194.9116400957107,,,,,
914,30.500721216201782,388,12,194.9305485963821,,,,,
915,30.53331160545349,388,12,194.95010282993312,,,,,
916,30.564707040786743,389,11,194.9673703193664,,,,,
917,30.597861766815186,389,11,194.98560541868204,,,,,
918,30.629188776016235,389,11,195.00283527374262,,,,,
919,30.661526203155518,390,10,195.01900398731226,,,,,
920,30.696908950805664,391,9,195.03492622375484,,,,,
921,30.719385385513306,391,9,195.04504061937328,,,,,
922,30.752013206481934,392,8,195.05809174776073,,,,,
923,30.805695295333862,392,8,195.0795645833015,,,,,
924,30.837700605392456,393,7,195.090766441822,,,,,
925,30.87519407272339,393,7,195.10388915538783,,,,,
926,30.899678945541382,394,6,195.11123461723324,,,,,
927,30.931944608688354,394,6,195.12091431617733,,,,,
928,30.963984966278076,394,6,195.13052642345426,,,,,
929,30.996204137802124,394,6,195.14019217491148,,,,,
930,31.028173208236694,395,5,195.14818444252012,,,,,
931,31.057284832000732,395,5,195.15546234846113,,,,,
932,31.08731746673584,395,5,195.1629705071449,,,,,
933,31.118687629699707,395,5,195.17081304788587,,,,,
934,31.1530818939209,396,4,195.1776919007301,,,,,
935,31.199700832366943,396,4,195.1870156884193,,,,,
936,31.230681657791138,397,3,195.19166281223295,,,,,
937,31.26266121864319,397,3,195.19645974636074,,,,,
938,31.294641256332397,398,2,195.19965775012966,,,,,
939,31.326714515686035,398,2,195.20286507606502,,,,,
940,31.35869550704956,399,1,195.2044641256332,,,,,
941,31.391380310058594,399,1,195.20609836578365,,,,,
942,31.423360347747803,400,0,195.20609836578365,,,,,
943,31.4551899433136,400,0,195.20609836578365,,,,,
944,31.4873309135437,401,-1,195.20449131727213,,,,,
945,31.51862645149231,401,-1,195.2029265403747,,,,,
946,31.580939531326294,401,-1,195.199810886383,,,,,
947,31.61193585395813,402,-2,195.19671125411983,,,,,
948,31.643648386001587,402,-2,195.19354000091548,,,,,
949,31.6731014251709,402,-2,195.19059469699855,,,,,
950,31.701661348342896,402,-2,195.18773870468135,,,,,
951,31.731626749038696,402,-2,195.18474216461178,,,,,
952,31.761833906173706,402,-2,195.1817214488983,,,,,
953,31.793658018112183,402,-2,195.17853903770444,,,,,
954,31.825136184692383,403,-3,195.1738173127174,,,,,
955,31.857923984527588,403,-3,195.16889914274213,,,,,
956,31.900691032409668,403,-3,195.1624840855598,,,,,
957,31.9396653175354,403,-3,195.15663794279095,,,,,
958,31.971647024154663,403,-3,195.15184068679807,,,,,
959,32.00366258621216,403,-3,195.14703835248943,,,,,
960,32.035648345947266,403,-3,195.14224048852915,,,,,
961,32.068130016326904,403,-3,195.1373682379722,,,,,
962,32.10004258155823,403,-3,195.1325813531875,,,,,
963,32.1276273727417,403,-3,195.12844363450998,,,,,
964,32.159804582595825,402,-2,195.12522591352456,,,,,
965,32.19179630279541,402,-2,195.1220267415046,,,,,
966,32.23248815536499,401,-1,195.11999214887612,,,,,
967,32.25546932220459,401,-1,195.11884309053414,,,,,
968,32.287437438964844,401,-1,195.11724468469612,,,,,
969,32.33462882041931,401,-1,195.1148851156234,,,,,
970,32.366645097732544,400,0,195.1148851156234,,,,,
971,32.39965462684631,400,0,195.1148851156234,,,,,
972,32.43177247047424,400,0,195.1148851156234,,,,,
973,32.463096141815186,400,0,195.1148851156234,,,,,
974,32.49584746360779,400,0,195.1148851156234,,,,,
975,32.52761673927307,399,1,195.11647357940666,,,,,
976,32.56687021255493,399,1,195.11843625307074,,,,,
977,32.59861874580383,399,1,195.12002367973318,,,,,
978,32.630528688430786,399,1,195.12161917686453,,,,,
979,32.663567781448364,398,2,195.1249230861663,,,,,
980,32.704118967056274,398,2,195.12897820472708,,,,,
981,32.7362859249115,398,2,195.1321949005126,,,,,
982,32.76737189292908,397,3,195.13685779571523,,,,,
983,32.79860877990723,397,3,195.14154332876194,,,,,
984,32.83060598373413,397,3,195.14634290933597,,,,,
985,32.863335609436035,396,4,195.15288883447636,,,,,
986,32.895209550857544,396,4,195.15926362276065,,,,,
987,32.92660355567932,396,4,195.16554242372501,,,,,
988,32.95860004425049,396,4,195.17194172143925,,,,,
989,32.99358940124512,396,4,195.1789395928382,,,,,
990,33.02805829048157,396,4,195.1858333706855,,,,,
991,33.05991339683533,396,4,195.19220439195624,,,,,
992,33.1150848865509,396,4,195.20323868989936,,,,,
993,33.14758896827698,396,4,195.20973950624457,,,,,
994,33.179582357406616,396,4,195.2161381840705,,,,,
995,33.21058702468872,395,5,195.22388935089103,,,,,
996,33.23800086975098,395,5,195.2307428121566,,,,,
997,33.26831769943237,396,4,195.23680617809288,,,,,
998,33.301090717315674,396,4,195.24336078166954,,,,,
999,33.33313989639282,396,4,195.24977061748496,,,,,
1000,33.365333557128906,396,4,195.25620934963217,,,,,
1001,33.39737582206726,395,5,195.26421991586676,,,,,
1002,33.428069829940796,395,5,195.27189341783514,,,,,
1003,33.47104549407959,395,5,195.28263733386984,,,,,
1004,33.50308275222778,395,5,195.2906466484069,,,,,
1005,33.53521728515625,395,5,195.298680281639,,,,,
1006,33.567190170288086,395,5,195.30667350292197,,,,,
1007,33.59859347343445,395,5,195.31452432870856,,,,,
1008,33.63156747817993,395,5,195.32276782989493,,,,,
1009,33.66382622718811,395,5,195.33083251714697,,,,,
1010,33.695791482925415,395,5,195.3388238310813,,,,,
1011,33.7370982170105,395,5,195.34915051460257,,,,,
1012,33.768569469451904,395,5,195.35701832771292,,,,,
1013,33.79455828666687,395,5,195.36351553201666,,,,,
1014,33.82704162597656,395,5,195.3716363668441,,,,,
1015,33.87503433227539,395,5,195.3836345434188,,,,,
1016,33.9066436290741,395,5,195.39153686761847,,,,,
1017,33.93543004989624,395,5,195.398733472824,,,,,
1018,33.968031883239746,396,4,195.4052538394927,,,,,
1019,34.00005650520325,396,4,195.4116587638854,,,,,
1020,34.031747341156006,396,4,195.41799693107598,,,,,
1021,34.064295053482056,397,3,195.42287908792488,,,,,
1022,34.09555673599243,397,3,195.42756834030143,,,,,
1023,34.127578258514404,398,2,195.43077049255362,,,,,
1024,34.15955948829651,398,2,195.43396861553182,,,,,
1025,34.19193720817566,398,2,195.43720638751975,,,,,
1026,34.23993921279907,398,2,195.4420065879821,,,,,
1027,34.27156662940979,398,2,195.44516932964316,,,,,
1028,34.3039174079895,399,1,195.44678686857216,,,,,
1029,34.336017370224,399,1,195.4483918666839,,,,,
1030,34.368019819259644,399,1,195.44999198913567,,,,,
1031,34.40015196800232,399,1,195.4515985965728,,,,,
1032,34.43225717544556,398,2,195.45480911731713,,,,,
1033,34.46401572227478,398,2,195.45798497200005,,,,,
1034,34.495556592941284,398,2,195.4611390590667,,,,,
1035,34.527525901794434,397,3,195.4659344553947,,,,,
1036,34.55949854850769,396,4,195.47232898473735,,,,,
1037,34.60783386230469,396,4,195.48199604749675,,,,,
1038,34.63979506492615,396,4,195.48838828802104,,,,,
1039,34.676990032196045,396,4,195.49582728147502,,,,,
1040,34.71226620674133,395,5,195.50464632511134,,,,,
1041,34.74351477622986,395,5,195.51245846748347,,,,,
1042,34.770702838897705,395,5,195.51925548315043,,,,,
1043,34.802541971206665,395,5,195.52721526622767,,,,,
1044,34.83453989028931,395,5,195.53521474599833,,,,,
1045,34.8660204410553,395,5,195.54308488368983,,,,,
1046,34.89852333068848,395,5,195.55121060609812,,,,,
1047,34.93076133728027,394,6,195.56088200807565,,,,,
1048,34.96247148513794,394,6,195.57039505243296,,,,,
1049,35.01951837539673,394,6,195.5875091195106,,,,,
1050,35.051764488220215,394,6,195.59718295335765,,,,,
1051,35.07553029060364,394,6,195.60431269407266,,,,,
1052,35.107712507247925,394,6,195.61396735906595,,,,,
1053,35.13984560966492,394,6,195.62360728979104,,,,,
1054,35.17182898521423,394,6,195.63320230245583,,,,,
1055,35.2038094997406,394,6,195.64279645681373,,,,,
1056,35.235801458358765,394,6,195.6523940443992,,,,,
1057,35.267839193344116,394,6,195.66200536489478,,,,,
1058,35.29997372627258,394,6,195.67164572477333,,,,,
1059,35.331839084625244,394,6,195.68120533227912,,,,,
1060,35.37988781929016,394,6,195.69561995267858,,,,,
1061,35.4115149974823,394,6,195.70510810613624,,,,,
1062,35.444100856781006,394,6,195.71488386392585,,,,,
1063,35.475924491882324,394,6,195.72443095445624,,,,,
1064,35.50784397125244,394,6,195.73400679826727,,,,,
1065,35.539902210235596,394,6,195.74362426996223,,,,,
1066,35.57202506065369,394,6,195.75326112508765,,,,,
1067,35.608506202697754,394,6,195.76420546770086,,,,,
1068,35.643479108810425,394,6,195.77469733953467,,,,,
1069,35.67497992515564,394,6,195.78414758443824,,,,,
1070,35.7012243270874,394,6,195.79202090501778,,,,,
1071,35.73245310783386,394,6,195.8013895392417,,,,,
1072,35.78115439414978,394,6,195.81599992513648,,,,,
1073,35.81249928474426,395,5,195.8238361477851,,,,,
1074,35.84513068199158,395,5,195.83199399709693,,,,,
1075,35.87348222732544,395,5,195.8390818834304,,,,,
1076,35.90396451950073,395,5,195.84670245647422,,,,,
1077,35.93667721748352,396,4,195.85324499607077,,,,,
1078,35.96847653388977,396,4,195.85960485935203,,,,,
1079,36.00072121620178,396,4,195.86605379581442,,,,,
1080,36.03285479545593,395,5,195.87408719062796,,,,,
1081,36.0648295879364,395,5,195.88208088874808,,,,,
1082,36.09710764884949,395,5,195.89015040397635,,,,,
1083,36.15495300292969,395,5,195.9046117424964,,,,,
1084,36.181185483932495,395,5,195.9111698627471,,,,,
1085,36.213218688964844,395,5,195.9191781640052,,,,,
1086,36.24520826339722,396,4,195.92557607889165,,,,,
1087,36.277191162109375,396,4,195.9319726586341,,,,,
1088,36.30894756317139,396,4,195.9383239388465,,,,,
1089,36.34121775627136,396,4,195.94477797746652,,,,,
1090,36.37248945236206,396,4,195.95103231668466,,,,,
1091,36.405250787734985,396,4,195.95758458375926,,,,,
1092,36.43747115135193,396,4,195.96402865648264,,,,,
1093,36.4699444770813,396,4,195.97052332162852,,,,,
1094,36.501290798187256,396,4,195.97679258584972,,,,,
1095,36.54893970489502,396,4,195.98632236719126,,,,,
1096,36.581608057022095,396,4,195.9928560376167,,,,,
1097,36.613611936569214,396,4,195.9992568135261,,,,,
1098,36.645610094070435,396,4,196.00565644502635,,,,,
1099,36.67245841026306,396,4,196.01102610826487,,,,,
1100,36.70494246482849,396,4,196.01752291917796,,,,,
1101,36.73694372177124,396,4,196.02392317056652,,,,,
1102,36.77160906791687,396,4,196.03085623979564,,,,,
1103,36.80087614059448,396,4,196.03670965433116,,,,,
1104,36.83291029930115,396,4,196.0431164860725,,,,,
1105,36.86495637893677,396,4,196.04952570199964,,,,,
1106,36.91293549537659,396,4,196.0591215252876,,,,,
1107,36.94485354423523,396,4,196.0655051350593,,,,,
1108,36.97689652442932,396,4,196.07191373109814,,,,,
1109,37.008445024490356,396,4,196.07822343111033,,,,,
1110,37.0406289100647,395,5,196.08626940250392,,,,,
1111,37.07308840751648,395,5,196.09438427686686,,,,,
1112,37.105130672454834,394,6,196.10399695634837,,,,,
1113,37.13644003868103,394,6,196.11338976621622,,,,,
1114,37.16842532157898,394,6,196.1229853510856,,,,,
1115,37.20105600357056,393,7,196.13440608978263,,,,,
1116,37.233108043670654,393,7,196.14562430381767,,,,,
1117,37.28123879432678,393,7,196.16247006654731,,,,,
1118,37.313069581985474,393,7,196.17361084222784,,,,,
1119,37.34495520591736,393,7,196.184770810604,,,,,
1120,37.37695002555847,393,7,196.1959689974784,,,,,
1121,37.41967511177063,392,8,196.21305903196324,,,,,
1122,37.44385766983032,393,7,196.22152292728413,,,,,
1123,37.483896255493164,393,7,196.23553643226612,,,,,
1124,37.507909059524536,393,7,196.2439409136771,,,,,
1125,37.5475754737854,393,7,196.2578241586684,,,,,
1126,37.578418016433716,392,8,196.27016117572774,,,,,
1127,37.60504484176636,393,7,196.27948056459417,,,,,
1128,37.63709568977356,393,7,196.2906983613967,,,,,
1129,37.6922709941864,393,7,196.3100097179412,,,,,
1130,37.72339582443237,393,7,196.3209034085273,,,,,
1131,37.747657775878906,393,7,196.3293950915336,,,,,
1132,37.78004026412964,394,6,196.33910983800882,,,,,
1133,37.81221151351929,394,6,196.3487612128257,,,,,
1134,37.84438705444336,394,6,196.35841387510294,,,,,
1135,37.87539839744568,394,6,196.36771727800362,,,,,
1136,37.90754532814026,395,5,196.37575401067727,,,,,
1137,37.939382791519165,395,5,196.383713376522,,,,,
1138,37.97139358520508,395,5,196.39171607494347,,,,,
1139,38.003841161727905,395,5,196.39982796907418,,,,,
1140,38.050923585891724,396,4,196.40924445390695,,,,,
1141,38.08373284339905,396,4,196.4158063054084,,,,,
1142,38.115591049194336,396,4,196.42217794656747,,,,,
1143,38.1475715637207,396,4,196.42857404947276,,,,,
1144,38.17455339431763,396,4,196.43397041559214,,,,,
1145,38.20697546005249,397,3,196.43883372545238,,,,,
1146,38.244144439697266,397,3,196.4444090723991,,,,,
1147,38.27541160583496,397,3,196.44909914731977,,,,,
1148,38.30786871910095,397,3,196.45396771430967,,,,,
1149,38.33938550949097,397,3,196.45869523286817,,,,,
1150,38.37186312675476,397,3,196.46356687545773,,,,,
1151,38.40385580062866,397,3,196.4683657765388,,,,,
1152,38.44990801811218,397,3,196.47527360916132,,,,,
1153,38.4801504611969,397,3,196.47980997562402,,,,,
1154,38.516361474990845,397,3,196.4852416276931,,,,,
1155,38.55085802078247,397,3,196.49041610956186,,,,,
1156,38.5831036567688,397,3,196.49525295495982,,,,,
1157,38.615113258361816,397,3,196.5000543951988,,,,,
1158,38.64709138870239,397,3,196.50485111474987,,,,,
1159,38.67890644073486,396,4,196.51121412515636,,,,,
1160,38.705875873565674,396,4,196.51660801172252,,,,,
1161,38.73513412475586,396,4,196.52245966196057,,,,,
1162,38.76707482337952,395,5,196.53044483661648,,,,,
1163,38.81515383720398,395,5,196.5424645900726,,,,,
1164,38.84754657745361,395,5,196.550562775135,,,,,
1165,38.87952184677124,394,6,196.5601553559303,,,,,
1166,38.91141223907471,394,6,196.56972247362134,,,,,
1167,38.94286251068115,393,7,196.5807300686836,,,,,
1168,38.97503089904785,393,7,196.59198900461195,,,,,
1169,39.00732159614563,392,8,196.60490528345105,,,,,
1170,39.03951621055603,392,8,196.6177831292152,,,,,
1171,39.08033752441406,391,9,196.63615272045132,,,,,
1172,39.11063575744629,390,10,196.65130183696743,,,,,
1173,39.138362884521484,390,10,196.66516540050503,,,,,
1174,39.1706166267395,389,11,196.68290495872495,,,,,
1175,39.22733521461487,388,12,196.71693611145017,,,,,
1176,39.259323596954346,388,12,196.73612914085385,,,,,
1177,39.29132270812988,387,13,196.75692856311795,,,,,
1178,39.32272171974182,386,14,196.7789078712463,,,,,
1179,39.351837158203125,386,14,196.7992886781692,,,,,
1180,39.38082981109619,385,15,196.821033167839,,,,,
1181,39.41296124458313,384,16,196.84673831462857,,,,,
1182,39.444331645965576,383,17,196.87340315580366,,,,,
1183,39.473143100738525,382,18,196.89933346509932,,,,,
1184,39.50404644012451,381,19,196.928691637516,,,,,
1185,39.536006927490234,381,19,196.95905410051344,,,,,
1186,39.58402180671692,380,20,197.00706897974013,,,,,
1187,39.615978479385376,380,20,197.03902565240858,,,,,
1188,39.647321462631226,380,20,197.07036863565443,,,,,
1189,39.67989706993103,380,20,197.10294424295424,,,,,
1190,39.71712017059326,379,21,197.14202849864958,,,,,
1191,39.75189280509949,379,21,197.17853976488112,,,,,
1192,39.78331708908081,379,21,197.2115352630615,,,,,
1193,39.816811084747314,379,21,197.24670395851135,,,,,
1194,39.847793102264404,378,22,197.28078417778013,,,,,
1195,39.879303216934204,378,22,197.3154453039169,,,,,
1196,39.91185903549194,378,22,197.3512567043304,,,,,
1197,39.96292281150818,378,22,197.40742685794828,,,,,
1198,39.9867639541626,378,22,197.43365211486815,,,,,
1199,40.01830697059631,378,22,197.46834943294525,,,,,
1200,40.05031204223633,378,22,197.50355501174926,,,,,
1201,40.08230495452881,378,22,197.53874721527097,,,,,
1202,40.11447286605835,378,22,197.57413191795348,,,,,
1203,40.14650082588196,378,22,197.60936267375945,,,,,
1204,40.17831873893738,379,21,197.64277148246765,,,,,
1205,40.21030068397522,379,21,197.6763525247574,,,,,
1206,40.242462158203125,379,21,197.7101220726967,,,,,
1207,40.274497270584106,379,21,197.74375894069672,,,,,
1208,40.30646276473999,379,21,197.7773227095604,,,,,
1209,40.35387396812439,379,21,197.82710447311402,,,,,
1210,40.385778188705444,380,20,197.85900869369507,,,,,
1211,40.41829013824463,380,20,197.89152064323426,,,,,
1212,40.4504930973053,380,20,197.92372360229493,,,,,
1213,40.48252463340759,380,20,197.95575513839722,,,,,
1214,40.51458191871643,381,19,197.98620955944062,,,,,
1215,40.5457718372345,381,19,198.0158399820328,,,,,
1216,40.57830262184143,381,19,198.04674422740936,,,,,
1217,40.60989332199097,382,18,198.07517585754394,,,,,
1218,40.64228105545044,382,18,198.10432481765747,,,,,
1219,40.67424392700195,383,17,198.13149325847627,,,,,
1220,40.72228384017944,384,16,198.16992518901827,,,,,
1221,40.754411697387695,385,15,198.19402108192446,,,,,
1222,40.78648591041565,386,14,198.21647303104402,,,,,
1223,40.81829357147217,386,14,198.2387383937836,,,,,
1224,40.85046601295471,387,13,198.25965048074724,,,,,
1225,40.88227128982544,388,12,198.27873364686968,,,,,
1226,40.91456317901611,390,10,198.29487959146502,,,,,
1227,40.94660806655884,391,9,198.30929979085926,,,,,
1228,40.98626756668091,392,8,198.3251635909081,,,,,
1229,41.01265287399292,394,6,198.3330791831017,,,,,
1230,41.04426312446594,395,5,198.34098174571994,,,,,
1231,42.13244676589966,396,4,198.5586184740067,,,,,
1232,43.647173166275024,418,-18,197.19536471366885,,,,,
1233,45.16241693496704,427,-27,195.14978562593464,,,,,
1234,46.67726254463196,420,-20,193.63494001626972,,,,,
1235,48.19216752052307,414,-14,192.57450653314595,,,,,
1236,49.70707559585571,373,27,194.61963243484502,,,,,
1237,51.22200679779053,262,138,205.07265772819522,,,,,
1238,52.736958503723145,102,298,227.64543814659123,,,,,
1239,54.25183129310608,13,387,256.958226621151,,,,,
1240,55.766767501831055,13,387,286.2722422599793,,,,,
1241,57.28118586540222,13,387,315.57623759508135,,,,,
1242,58.796502113342285,13,387,344.8976069927216,,,,,
